id,domain,status,purchase_price,renewal_price,attractiveness,demand,length,registrar,created_at,expires_at,status_verified_at
e576ca62-75db-4815-a699-699a3240b945,malthusian.properties,available,10.99,50.99,medium,low,10,name.com,,,24/08/2026 14:17
1f8b656c-145d-4ce2-9817-df0f431444ba,nationalist.properties,available,30.2,30.2,medium,low,11,cloudflare,,,30/09/2026 19:40
0d8438f5-b29a-4c63-8ba6-ad5bacad25a4,heartbeat.properties,available,10.99,50.99,high,low,9,name.com,,,22/08/2026 07:28
d4dad443-bf93-4750-80a9-e99491b6604c,chekhov.properties,available,15.98,43.98,medium,low,7,namecheap,,,19/09/2026 15:27
97de5b70-033e-4dc9-b23e-54d8a074393e,wildfire.properties,available,14.17,31.25,high,low,8,spaceship,,,01/10/2026 04:06
7d56c06b-297d-43a7-9a4d-266a23ad8622,eyry.properties,available,10.99,50.99,high,low,4,name.com,,,
61e5aaf1-6873-4edb-89d9-47c0a03bbdca,peirce.properties,available,18.99,39.99,medium,low,6,namesilo,,,23/09/2026 08:23
6e1db56e-ca02-4a98-ba23-f67ea9a8ca2a,exodus.properties,available,18.99,39.99,high,low,6,namesilo,,,24/09/2026 06:52
e1a0d939-600d-4056-9d42-5a53048949f7,adriana.properties,available,18.99,39.99,high,low,7,namesilo,,,30/09/2026 13:18
941085a5-f192-4902-aba4-d531b117395e,mohammad.properties,available,18.99,39.99,high,low,8,namesilo,,,28/09/2026 06:19
7803d20b-b057-49d7-a2ac-5f6247f62560,wireless.properties,available,18.99,39.99,high,low,8,namesilo,,,27/09/2026 09:37
022d108b-2d77-4342-9f26-a6ba48b51c16,incidentally.properties,available,18,,medium,low,12,unstoppable,,,28/09/2026 21:17
759d8af1-5c48-4ff3-b1be-5ee48e793c72,date.properties,premium,800.5,,high,low,4,unstoppable,,,29/09/2026 13:13
221b96d3-89a0-4fc2-bd66-b5f984e76a40,benzol.properties,available,18.99,39.99,high,low,6,namesilo,,,23/09/2026 08:53
c7a05be2-469d-4c52-a286-3137ee6d8941,scope.properties,available,18.99,39.99,high,low,5,namesilo,,,18/09/2026 16:44
2eb73b64-e7da-4174-8798-9c85e66180a7,apothegm.properties,available,18.99,39.99,medium,low,8,namesilo,,,19/09/2026 17:10
6418f1e9-c23a-4135-b280-65899ab18247,adored.properties,available,15.98,43.98,high,low,6,namecheap,,,21/09/2026 19:35
357a7ecc-be42-4544-9b0d-2518e109e9f4,because.properties,available,15.98,43.98,high,low,7,namecheap,,,30/09/2026 21:38
5b8f716f-48af-4422-8719-b8ae4c8e5181,outfit.properties,available,6.18,31.41,high,low,6,porkbun,,,27/09/2026 13:44
694d5266-8ca9-438d-8dd3-da6726aeeea6,essay.properties,available,18.99,39.99,high,low,5,namesilo,,,21/09/2026 01:17
dbe32a38-46d9-4d74-8c52-3709c827cca3,indonesians.properties,available,18.99,39.99,medium,low,11,namesilo,,,02/10/2026 02:56
3b5131c5-6147-4949-8bea-90956116fafe,cracked.properties,available,15.98,43.98,high,low,7,namecheap,,,22/09/2026 01:30
f5709d48-76f1-4c2a-acac-6fc6f1aa6b6b,yielded.properties,available,18.99,39.99,medium,low,7,namesilo,,,18/09/2026 03:02
84b4e70e-0d1f-41e6-a39b-8f8443a1acf0,gyral.properties,available,10.99,50.99,medium,low,5,name.com,,,20/08/2026 21:19
974a8a45-6df7-4a87-b102-5279fdd4d15f,fated.properties,available,10.99,50.99,medium,low,5,name.com,,,17/08/2026 23:32
30e0022f-74c6-49ad-9e0c-c163c1ea8871,tuppeny.properties,available,15.98,43.98,medium,low,7,namecheap,,,10/09/2026 09:12
7db3f504-89d2-46de-94af-b01fcaf5f514,nimbly.properties,available,15.98,43.98,high,low,6,namecheap,,,13/09/2026 18:18
16ce0a0c-52c1-4b8d-bdea-cf52b726180f,coal.properties,available,13.99,59.99,high,low,4,godaddy,,,28/09/2026 01:38
3d69ca95-422e-4799-994d-64f81d4fc63b,inutile.properties,available,10.99,50.99,medium,low,7,name.com,,,22/08/2026 08:54
df6e89e1-331c-4b3b-9791-a3cbf5ecfee1,huddled.properties,available,10.99,50.99,medium,low,7,name.com,,,21/08/2026 14:34
844b8926-fb3a-4264-ab68-7f166749392b,anthill.properties,available,18.99,39.99,high,low,7,namesilo,,,19/09/2026 13:26
9a9979f7-008a-45a3-a8f2-cd99203fbaef,checker.properties,available,18.99,39.99,high,low,7,namesilo,,,24/09/2026 13:59
5e3a087f-dd4b-453b-a99b-db5118c7510f,alated.properties,available,10.99,50.99,medium,low,6,name.com,,,
0d39a160-dec3-45af-8bc8-330bf86d74ab,taiping.properties,available,14.17,31.25,high,low,7,spaceship,,,01/10/2026 23:31
0ff71360-d1f3-4089-83ec-4edc65eb36bd,petal.properties,available,6.1,32.21,high,low,5,dynadot,,,02/10/2026 04:53
c974b477-52d1-444e-842f-9f789bc38859,beria.properties,available,18.99,39.99,medium,low,5,namesilo,,,23/09/2026 09:22
0db81d90-ee62-4183-9865-76e1a3c94896,grower.properties,available,15.98,43.98,high,low,6,namecheap,,,17/09/2026 19:21
156428c5-e3da-4914-b5c5-bb05b8790d70,julio.properties,available,18.99,39.99,high,low,5,namesilo,,,29/09/2026 03:04
113ef8a5-79f6-482f-94db-df125080d3c9,lambent.properties,available,10.99,50.99,medium,low,7,name.com,,,
05aaabf9-600b-4a8e-be10-f2d18659bd73,urbane.properties,available,10.99,50.99,high,low,6,name.com,,,11/09/2026 04:57
15894e62-c640-47b0-aee7-03e9290aefd4,way.properties,premium,68.51,68.51,high,low,3,spaceship,,,27/09/2026 15:08
7dfced5d-c316-425d-89a3-132695214f06,annotation.properties,available,18.99,39.99,high,low,10,namesilo,,,19/09/2026 10:38
2c9c599e-842f-4ee8-83b4-99343436baad,rowell.properties,available,15.98,43.98,medium,low,6,namecheap,,,01/10/2026 11:02
736dc6cd-0a18-4dae-93ee-c26f7c917ae4,predominantly.properties,available,6.1,32.21,medium,low,13,dynadot,,,01/10/2026 05:46
aff753eb-ab1c-47c7-8dc3-adcf781758b8,herein.properties,available,10.99,50.99,medium,low,6,name.com,,,15/09/2026 00:30
5f2528de-efe5-4462-8177-b6664607baf4,tenderness.properties,available,18.99,39.99,high,low,10,namesilo,,,17/09/2026 14:18
de90bcce-86ae-4256-9841-edd73337b2e7,starkers.properties,available,15.98,43.98,low,low,8,namecheap,,,10/09/2026 18:51
b68c4910-3a2f-4065-ad27-33c82f3dbaab,guangzhou.properties,premium,102.67,102.67,medium,low,9,spaceship,,,28/09/2026 13:37
2d3298a6-4375-41e9-9d13-082373a2b734,whacked.properties,available,15.98,43.98,medium,low,7,namecheap,,,13/09/2026 11:08
de2ec973-d719-4566-8944-6b67f34b5597,allegro.properties,available,18.99,39.99,high,low,7,namesilo,,,22/09/2026 01:21
dbb2f955-0515-489b-946f-fc4d0f93e955,homelike.properties,available,10.99,50.99,high,low,8,name.com,,,21/08/2026 11:03
cb09c424-05ae-4b35-bbde-b3db946c0601,planck.properties,available,13.99,59.99,high,low,6,godaddy,,,28/09/2026 02:23
d5d8c5ce-1b1f-4c4d-95a7-a52777fe7409,volume.properties,available,18.99,39.99,high,low,6,namesilo,,,30/09/2026 03:23
685ba6f8-3777-4158-becc-270639a09e6c,amelia.properties,available,15.98,43.98,high,low,6,namecheap,,,18/09/2026 18:15
81331862-0ab2-4086-8e1c-88ab577cfe6f,bedside.properties,available,18.99,39.99,high,low,7,namesilo,,,22/09/2026 23:34
0b85df27-b013-4235-bd4d-3cf17ea7d7f1,disruption.properties,available,18.99,39.99,high,low,10,namesilo,,,24/09/2026 16:35
048340bf-e151-4d5c-b310-13bf3b26b134,reade.properties,available,14.17,31.25,medium,low,5,spaceship,,,30/09/2026 21:52
8c6a3b50-fb03-4241-8734-19786410c43a,terrace.properties,available,18,,high,low,7,unstoppable,,,28/09/2026 20:08
85fd608d-b983-427e-a722-ab3663867e35,revoked.properties,available,18.99,39.99,medium,low,7,namesilo,,,30/09/2026 00:45
87f01b37-d2d2-4aca-9a19-ed6ccaaba9f3,albite.properties,available,18.99,39.99,high,low,6,namesilo,,,18/09/2026 02:59
b32d3de7-48e2-48dc-b148-756bfc1d23d8,withdrawal.properties,available,18.99,39.99,high,low,10,namesilo,,,21/09/2026 15:22
d3a239b1-6a3c-462c-85a6-134f95858b81,unsheared.properties,available,15.98,43.98,low,low,9,namecheap,,,12/09/2026 19:44
c246e002-c5f3-42f0-ab38-f2ed05430767,urgency.properties,available,14.17,31.25,high,low,7,spaceship,,,29/09/2026 19:17
af0cbf1f-91f9-403f-966e-5168aad12f50,outmost.properties,available,15.98,43.98,medium,low,7,namecheap,,,04/09/2026 19:19
34653bfe-d678-4d4c-9237-465de1bca9f3,colourise.properties,available,10.99,50.99,medium,low,9,name.com,,,12/08/2026 17:38
4eba111a-c5b5-46c8-a836-f66882e134a8,sevastopol.properties,available,14.17,31.25,medium,low,10,spaceship,,,30/09/2026 18:36
c115bf27-0495-41f7-bc4e-d9f7d2ff2096,alison.properties,available,14.17,31.25,medium,low,6,spaceship,,,28/09/2026 04:29
a4b878bf-7104-435b-965a-79c02c60e4bb,tart.properties,available,10.99,50.99,medium,low,4,name.com,,,13/08/2026 14:25
ad60a1e4-5f22-4e1e-92be-a742c4257d31,greatness.properties,available,15.98,43.98,medium,low,9,namecheap,,,28/09/2026 17:18
42789905-0257-4856-ad3d-9f896c4db8f3,truer.properties,available,18.99,39.99,medium,low,5,namesilo,,,20/09/2026 05:56
90b496bd-3dbe-47c0-86e6-634b63b59922,florid.properties,available,10.99,50.99,medium,low,6,name.com,,,07/08/2026 17:26
c1bef234-4fa6-4d13-b718-be4be5575a13,renewed.properties,available,15.98,43.98,high,low,7,namecheap,,,09/09/2026 14:04
2eada07a-468a-476d-8224-7d20f02a72a4,molded.properties,available,10.99,50.99,medium,low,6,name.com,,,25/08/2026 03:46
8e68121f-5902-4ef8-9eae-2aeeab9e1884,mec.properties,available,18.99,39.99,high,low,3,namesilo,,,01/10/2026 07:00
1148d499-b6f1-46fd-8fe1-152284889255,balladeer.properties,available,18.99,39.99,medium,low,9,namesilo,,,21/09/2026 22:45
3d0c1bce-2dff-4d1f-b5a2-9ba8c0186ac1,midsummer.properties,available,14.17,31.25,high,low,9,spaceship,,,01/10/2026 20:12
eacffd34-ff3c-4086-875c-23f60098f368,gripping.properties,available,18.99,39.99,high,low,8,namesilo,,,21/09/2026 15:05
31e9d305-7e30-45e5-ad9b-dd8b5d95fdc7,coxa.properties,available,18.99,39.99,high,low,4,namesilo,,,20/09/2026 11:23
e208caeb-c6b8-424a-ac6a-74f3e7fe4e2d,beguiling.properties,available,15.98,43.98,high,low,9,namecheap,,,22/09/2026 01:38
2d2dc529-632d-4bd0-8258-9b44584764de,stiles.properties,available,18.99,39.99,medium,low,6,namesilo,,,30/09/2026 13:36
6541d531-7b43-40e8-bcd8-0f6775019b86,holes.properties,available,10.99,,medium,low,5,name.com,,,
10e93065-6434-49c2-92bb-e833a9fd384b,internal.properties,available,18.99,39.99,high,low,8,namesilo,,,25/09/2026 09:40
aa88cada-dd2d-49c8-8060-b8b8b31c783d,alimentary.properties,available,10.99,50.99,medium,low,10,name.com,,,
20447d59-5366-4c00-828d-b7c045fb8f24,bicycler.properties,available,15.98,43.98,medium,low,8,namecheap,,,23/09/2026 13:23
90f30e0c-59cb-491a-9e2e-47a68a07b314,stoutness.properties,available,15.98,43.98,medium,low,9,namecheap,,,04/09/2026 22:03
5b5a0935-5a6b-4e8d-bc3d-0245770695b7,unreliable.properties,available,15.98,43.98,medium,low,10,namecheap,,,11/09/2026 19:06
4bb28c4f-ff92-41f1-bad4-bd21a661ba86,dawdler.properties,available,10.99,50.99,medium,low,7,name.com,,,22/08/2026 18:40
295f2fc2-2d7e-44dc-8c07-e19cce1fb668,fortemente.properties,available,10.99,50.99,medium,low,10,name.com,,,18/08/2026 12:36
0d29502f-b6d9-4dd2-8f95-63f8a56618b6,autogenic.properties,available,10.99,50.99,medium,low,9,name.com,,,07/08/2026 20:21
6e18b610-deaf-4ddd-bc7e-074482b6a26b,order.properties,available,18.99,39.99,high,medium,5,namesilo,,,23/09/2026 20:44
ca43198b-85db-45d3-b17f-1a8b095c555a,clinton.properties,available,18.99,39.99,high,low,7,namesilo,,,23/09/2026 15:58
8cf96718-ff9f-4e9a-8d3f-161ce8f5356b,colo.properties,available,18.99,39.99,medium,low,4,namesilo,,,30/09/2026 06:13
d5e15400-e96c-4fc7-9e59-3ee0de1aa148,dangling.properties,available,30.2,30.2,medium,low,8,cloudflare,,,01/10/2026 01:41
60409cc2-a549-4588-a777-c973c17ab91f,intolerant.properties,available,10.99,50.99,medium,low,10,name.com,,,21/08/2026 20:02
1c5e1a79-3117-4e5b-bfe7-6b2cbb43979f,nocent.properties,available,15.98,43.98,medium,low,6,namecheap,,,03/09/2026 18:02
7cc67441-5c26-4ee1-949c-0b446597fa81,murine.properties,available,15.98,43.98,medium,low,6,namecheap,,,03/09/2026 11:04
1751b47f-b54f-45fe-b79c-f5814990c445,agronomy.properties,available,18.99,39.99,high,low,8,namesilo,,,17/09/2026 19:42
50df7775-1d1d-4478-85c6-8a401cc350f6,vigor.properties,available,15.98,43.98,high,low,5,namecheap,,,29/09/2026 22:25
8aa14b9c-9251-49ba-980d-795c6a4a816f,occupations.properties,available,18.99,39.99,medium,low,11,namesilo,,,16/09/2026 10:00
1d3accbb-7d34-4541-a44f-3ebc30f084ad,unlearned.properties,available,10.99,50.99,medium,low,9,name.com,,,21/08/2026 18:31
385c5c64-3985-483e-91df-126df7bdbb80,callahan.properties,available,6.18,31.41,medium,low,8,porkbun,,,28/09/2026 08:05
655be72a-f1fb-4067-b546-555340a833bc,levantine.properties,available,10.99,50.99,medium,low,9,name.com,,,23/08/2026 00:31
7e225538-fd8f-4d2f-ba13-c0247f2719fc,listener.properties,available,18.99,39.99,high,low,8,namesilo,,,21/09/2026 01:30
7bd711d3-9e83-4ce8-b2fa-e22e4b64c618,nearer.properties,available,18.99,39.99,medium,low,6,namesilo,,,28/09/2026 14:02
f6babdf4-fd20-49d5-9577-96e91fa964c3,ad.properties,premium,828.2,828.2,high,medium,3,spaceship,,,02/10/2026 01:52
07bae3b9-1ec4-4d78-a066-f519db984bed,alkanet.properties,available,18.99,39.99,medium,low,7,namesilo,,,18/09/2026 08:26
be617c2c-cbe7-410e-89be-ec251071ad4c,neil.properties,available,18.99,39.99,high,low,4,namesilo,,,25/09/2026 13:57
ec2df2db-c365-4e8d-a930-aef318161ef6,eloquently.properties,available,15.98,43.98,medium,low,10,namecheap,,,13/09/2026 20:54
9e0a419a-6ade-4326-944b-1acf5cbda49c,reversive.properties,available,15.98,43.98,medium,low,9,namecheap,,,09/09/2026 16:11
e8c10632-1ee3-4358-ae77-c8d201ce66be,ormond.properties,available,18.99,39.99,medium,low,6,namesilo,,,29/09/2026 15:48
c3dd4b94-0d2e-496c-ab13-57fdf6129370,rms.properties,available,30.2,30.2,high,low,3,cloudflare,,,28/09/2026 04:52
86a10287-d707-4a71-ab58-dd88fdc923b2,loops.properties,available,18.99,39.99,high,low,5,namesilo,,,17/09/2026 12:15
12774825-8eb4-4d5f-b0f1-36e7b37b7194,membrane.properties,available,30.2,30.2,high,low,8,cloudflare,,,29/09/2026 07:36
8e2b9691-96b4-40a0-a240-22c40a8515cf,reporting.properties,available,6.18,31.41,high,low,9,porkbun,,,30/09/2026 09:52
fc99b44f-627d-45ae-a394-4cf18a3104c2,peoria.properties,premium,250,250,high,low,6,name.com,,,27/09/2026 04:58
e9805e28-97d1-44bc-b910-5b1dd85a50bb,angiology.properties,available,18.99,39.99,medium,low,9,namesilo,,,19/09/2026 06:13
8d1270b8-1fea-42cb-b39f-56a26d95beff,attire.properties,available,18.99,39.99,high,low,6,namesilo,,,21/09/2026 01:52
4f2f5518-3b0a-439b-a18b-058348c221c6,pirate.properties,available,14.17,31.25,high,low,6,spaceship,,,29/09/2026 04:52
6d99394a-c4ac-42a1-bdef-b86c1b8c7041,doggo.properties,available,15.98,43.98,medium,low,5,namecheap,,,14/09/2026 13:35
30f52b5e-b5f1-4832-b091-4f249cdd18f3,paso.properties,available,18,,medium,low,4,unstoppable,,,29/09/2026 03:36
8288e440-ede8-4985-9544-cf68f18803fc,scallops.properties,available,18.99,39.99,medium,low,8,namesilo,,,19/09/2026 23:48
62c7ef95-92e5-491e-83c0-27117854d8bd,latin.properties,available,10.99,50.99,high,low,5,name.com,,,22/08/2026 20:39
6ef63b5a-fe50-49a7-9bb6-df336f39d335,opts.properties,available,18.99,39.99,medium,low,4,namesilo,,,18/09/2026 13:57
2a127b40-1187-4aa4-bfe7-52105cf10c9a,semifinal.properties,available,18.99,39.99,high,low,10,namesilo,,,16/09/2026 09:45
955b8599-45cc-4469-8202-4816cde859c4,quietly.properties,available,15.98,43.98,high,low,7,namecheap,,,09/09/2026 08:49
542f132d-7002-4b01-a830-e78bb615e64f,intensity.properties,available,18.99,39.99,high,low,9,namesilo,,,28/09/2026 09:23
9cbd304a-bcbc-4f4d-937d-123e253355eb,ditches.properties,available,30.2,30.2,medium,low,7,cloudflare,,,02/10/2026 03:20
c5b6f815-cd28-4e03-b292-37c0cc494e4f,bobtail.properties,available,10.99,50.99,high,low,7,name.com,,,10/08/2026 16:39
623e30d8-1a28-420b-9220-9b068390cca0,furs.properties,available,6.1,32.21,medium,low,4,dynadot,,,30/09/2026 23:22
5233d017-3714-4b58-a324-f67f06a25272,elector.properties,available,15.98,43.98,medium,low,7,namecheap,,,28/09/2026 19:03
74228166-89d4-4991-99e6-377a54090b0d,aleve.properties,available,18.99,39.99,medium,low,5,namesilo,,,17/09/2026 15:07
556fd135-d9bc-4d86-babf-799401d95f30,landslide.properties,available,18,,high,low,9,unstoppable,,,30/09/2026 02:07
f5d6cbc5-c187-4c3e-bc86-9597e60a2143,aliveness.properties,available,18.99,39.99,medium,low,9,namesilo,,,18/09/2026 08:09
0ca3e533-d6d3-4ea6-af51-ac48c70bb08b,cowboys.properties,available,15.98,43.98,high,low,7,namecheap,,,28/09/2026 12:01
772e09e7-e345-44e4-a0d3-88b6411a692c,employee.properties,available,14.17,31.25,high,low,8,spaceship,,,29/09/2026 08:21
78457125-056e-4250-871e-b4e0360fc740,vertigo.properties,available,18,,high,low,7,unstoppable,,,01/10/2026 01:46
014fd1ef-1dba-4dad-8dfa-9e7a2e2c68c4,hyalin.properties,available,10.99,50.99,medium,low,6,name.com,,,21/08/2026 16:10
de23083f-6b6c-4bbf-b3b4-e472c249d7d5,attendance.properties,available,18.99,39.99,high,low,10,namesilo,,,21/09/2026 01:23
57679d0c-e351-408d-bb9a-d1c246d6d2a2,tanned.properties,available,10.99,50.99,high,low,6,name.com,,,11/08/2026 05:50
2a21f494-daac-4618-8cdd-bf4a11634044,plutonium.properties,available,18.99,39.99,high,low,9,namesilo,,,21/09/2026 00:12
ead64621-202d-4b29-91a1-f445ba05c668,bazaar.properties,premium,260,260,high,low,6,namecheap,,,22/09/2026 18:20
2626ea9d-6693-4e4a-9da8-cf8f919a441a,outsize.properties,available,15.98,43.98,high,low,7,namecheap,,,04/09/2026 19:38
3111bb2e-8f08-4260-a241-41b83a42da70,dyed.properties,available,10.99,50.99,medium,low,4,name.com,,,14/08/2026 21:54
5bd94b74-1d16-4721-ace4-151360efb0af,honour.properties,available,18.99,39.99,high,low,6,namesilo,,,16/09/2026 22:47
2796ee13-f025-4425-8fd8-b972658e7aa9,surroundings.properties,available,18,31.25,high,low,12,unstoppable,,,01/10/2026 17:40
3368cf0c-1604-4784-ba6b-2851913c5964,infield.properties,available,18.99,39.99,high,low,7,namesilo,,,22/09/2026 10:07
9d6563d8-3a9e-4a4d-97b2-3662300f6cf1,occupying.properties,available,14.17,31.25,medium,low,9,spaceship,,,30/09/2026 23:24
af68cab0-4656-4d8e-a291-cfab855029ed,derogative.properties,available,10.99,50.99,medium,low,10,name.com,,,14/08/2026 03:10
33b46017-6d2d-450a-8271-862526f9d95d,disco.properties,available,14.17,31.25,high,low,5,spaceship,,,29/09/2026 15:27
fe520fed-62da-41e3-8eae-42434b54215a,xiao.properties,available,30.2,30.2,medium,low,4,cloudflare,,,28/09/2026 16:02
564f9272-f67f-4dc6-b9eb-c063ee14a08b,firefighter.properties,available,18.99,39.99,high,low,11,namesilo,,,30/09/2026 23:57
3ba35b95-7be9-4e50-be14-46f4a9600369,hydric.properties,available,10.99,50.99,medium,low,6,name.com,,,21/08/2026 16:23
6283fbfa-1d1e-404d-80c9-0d8769dbf357,wastes.properties,available,18.99,39.99,medium,low,6,namesilo,,,17/09/2026 07:45
133ce21d-5cf8-4112-82b0-2272b9558a4b,imbecile.properties,available,10.99,50.99,medium,low,8,name.com,,,21/08/2026 20:22
c7e0927f-d0c8-456d-8ff0-ea781ccecedd,martial.properties,available,10.99,50.99,high,low,7,name.com,,,24/08/2026 16:36
54f3541b-5109-475c-a4f8-d37d5b52f97a,thucydides.properties,available,14.17,31.25,medium,low,10,spaceship,,,30/09/2026 18:58
3381e967-be10-46be-990e-78b656067dd8,urging.properties,available,6.1,32.21,medium,low,6,dynadot,,,29/09/2026 07:05
3155056c-a35e-45e2-a36d-ae9363d30074,corinthian.properties,available,10.99,50.99,high,low,10,name.com,,,13/08/2026 01:16
f70fca45-85d8-4428-8cf5-a363ce489dc2,ingrown.properties,available,10.99,50.99,medium,low,7,name.com,,,22/08/2026 04:56
49989881-c04a-4fc6-8459-c244f1ceb730,unbelievable.properties,available,18.99,39.99,high,low,12,namesilo,,,28/09/2026 07:08
1bda2055-9e2f-4dfc-a7da-c39d2ee1bb7d,continuo.properties,available,18.99,39.99,medium,low,8,namesilo,,,22/09/2026 12:27
c2611222-bc1e-4630-a991-c7560d30d8d2,acquisition.properties,premium,99.5,128.7,high,low,11,unstoppable,,,01/10/2026 03:39
6dad9803-b75e-4c7e-93fe-9e4c0bd73b13,before.properties,available,15.98,43.98,high,low,6,namecheap,,,21/09/2026 23:34
6008f600-7b13-4f95-9e08-14596e0a40a3,audrey.properties,available,18.99,39.99,high,low,6,namesilo,,,25/09/2026 14:38
c7868d9d-b81b-4a07-8f78-4dbc60490260,throats.properties,available,18.99,39.99,medium,low,7,namesilo,,,20/09/2026 08:21
51a1a591-5c2b-470a-9c11-ee17832b449a,remembering.properties,available,10.99,,high,low,11,name.com,,,
4f7e30f5-6619-46b3-a32b-706ef20d64e4,abides.properties,available,18.99,39.99,medium,low,6,namesilo,,,18/09/2026 17:00
7c6dc4fc-74b7-463d-9b6b-0dad20b4cab8,rue.properties,premium,85.8,85.8,high,low,3,namecheap,,,30/09/2026 17:34
b524ef22-fc70-4484-85b6-92cdb9773b15,heiress.properties,available,14.17,31.25,high,low,7,spaceship,,,01/10/2026 02:28
9f4faaf5-56aa-4c59-909d-ade24202b789,selena.properties,available,30.2,30.2,medium,low,6,cloudflare,,,30/09/2026 13:21
125bfb4d-e55b-4f6d-a2b4-d7a780e10306,vegetarian.properties,available,18.99,39.99,high,low,10,namesilo,,,30/09/2026 14:24
34023c3f-e268-4ca4-bfa0-ee66f01caa9b,primly.properties,available,15.98,43.98,medium,low,6,namecheap,,,15/09/2026 21:26
422eab95-3870-46be-bf74-7481b57812a9,nothing.properties,available,15.98,43.98,high,low,7,namecheap,,,25/09/2026 23:27
742506d5-d53d-4434-bb9d-fb6a1c5f3198,aventurine.properties,available,18.99,39.99,medium,low,10,namesilo,,,21/09/2026 09:07
3178806a-7ef1-4073-bd67-247d8ccae054,marston.properties,available,15.98,43.98,medium,low,7,namecheap,,,28/09/2026 16:09
00ca38bd-b4b6-41fb-bdb4-fa66aad14f31,bagpipe.properties,available,15.98,43.98,high,low,7,namecheap,,,21/09/2026 18:26
9c1350bd-7a49-47a5-8eb1-b0b5c8c63a4b,revoke.properties,available,14.17,31.25,high,low,6,spaceship,,,01/10/2026 19:06
5e440400-64b9-449c-8bc8-50fceabfe090,borders.properties,available,14.17,31.25,medium,low,7,spaceship,,,28/09/2026 23:27
7d090031-e336-4eb0-b5c1-5488d4605a98,augustus.properties,available,18.99,39.99,high,low,8,namesilo,,,21/09/2026 04:02
de8e0395-3170-4b6e-a28a-da4b4b2fd40f,schonberg.properties,available,15.98,43.98,medium,low,9,namecheap,,,20/09/2026 08:20
cafc1d20-9890-4618-be19-216013b4383d,buttoned.properties,available,10.99,50.99,medium,low,8,name.com,,,11/08/2026 11:58
e14fd75a-a23c-402f-9cc7-e736a7ec6052,amines.properties,available,18,,medium,low,6,unstoppable,,,29/09/2026 11:37
a537aed3-0013-4c6b-ab0c-47e3782aebd9,everyday.properties,resell,,,high,low,8,"GoDaddy.com, LLC",16/06/2022 22:14,16/06/2027 22:14,26/09/2026 05:55
31f773fe-b029-4d29-bfb1-e871fd92d357,origins.properties,available,18.99,39.99,medium,low,7,namesilo,,,16/09/2026 10:13
66aab6c9-ccfb-44b7-b712-68d45db222c9,lecturer.properties,available,30.2,30.2,high,low,8,cloudflare,,,30/09/2026 10:24
dd0d96d7-83c2-4998-afe3-6cd6fbb59c3a,wrinkled.properties,available,15.98,43.98,medium,low,8,namecheap,,,12/09/2026 13:50
cdf72de2-8534-47b8-be58-3e55b34d7709,cameo.properties,available,18.99,39.99,high,low,5,namesilo,,,02/10/2026 04:15
67801423-4bff-4246-9a52-a0a2ab8c21e9,elena.properties,available,18.99,39.99,high,low,5,namesilo,,,27/09/2026 03:02
f0324380-c2d5-4445-9fd2-a61a80412b65,grandson.properties,available,30.2,30.2,high,low,8,cloudflare,,,29/09/2026 21:28
f37180b3-80e8-4ea1-8f1f-fa69780ee977,schismatic.properties,available,15.98,43.98,medium,low,10,namecheap,,,09/09/2026 23:07
c7d0ba1e-6a9f-4a68-8d4d-3a8c7fd3b310,deseret.properties,available,30.2,30.2,medium,low,7,cloudflare,,,01/10/2026 23:59
6410df03-f92d-47ca-b8aa-07d674b36fff,haines.properties,available,6.18,31.41,medium,low,6,porkbun,,,28/09/2026 04:08
30b5c75b-ad58-4f08-b8f0-ead51f6fafa2,platt.properties,available,18.99,39.99,high,low,5,namesilo,,,27/09/2026 06:33
0063012d-160d-490f-aef5-de8271a532b7,weirdness.properties,available,15.98,43.98,medium,low,9,namecheap,,,23/09/2026 23:18
b5062f7a-af01-4a5d-8a75-7eca671d44f3,curl.properties,available,18,,high,low,4,unstoppable,,,29/09/2026 13:04
5d3feba7-b1ad-42f7-919f-e645a298caaf,bust.properties,available,15.98,43.98,high,low,4,namecheap,,,23/09/2026 09:51
29605bfb-80af-42d9-ba62-ecfe92d61369,salsa.properties,available,30.2,30.2,high,low,5,cloudflare,,,29/09/2026 20:15
fd488883-be4b-4db5-9b9d-e45095f9d049,trip.properties,available,15.98,43.98,high,low,4,namecheap,,,08/09/2026 04:57
7898dd83-f64c-49ed-b913-32675d0a0c60,militant.properties,available,10.99,50.99,high,low,8,name.com,,,
cb5d4606-c0b6-4310-81ed-70a29a3b5316,jacob.properties,available,18.99,39.99,high,low,5,namesilo,,,25/09/2026 22:52
4c70517d-3cf7-4028-9e11-e92c76b4c1e2,trajan.properties,available,18.99,39.99,medium,low,6,namesilo,,,30/09/2026 02:13
b522ce4b-7ed6-4296-a4d9-8b91f1d17c95,hpa.properties,available,18,,medium,low,3,unstoppable,,,30/09/2026 20:42
845798ac-c118-4093-958a-c9d8e06c64ca,squares.properties,available,18,,medium,low,7,unstoppable,,,28/09/2026 23:48
89d24c62-31d9-416a-8d5e-9d9e2ae30354,norte.properties,available,18.99,39.99,high,low,5,namesilo,,,27/09/2026 07:02
edc5a185-a4cd-4e6c-988d-db6e93b4e688,reasonable.properties,available,15.98,43.98,high,low,10,namecheap,,,24/09/2026 16:20
aa6591ab-6423-46d7-a370-4a702fe21a55,assuring.properties,available,10.99,50.99,medium,low,8,name.com,,,07/08/2026 08:31
764311b4-dc33-4e01-a0f0-816a435611db,brachial.properties,available,10.99,50.99,medium,low,8,name.com,,,11/08/2026 00:19
0b3975d8-f955-447b-96fc-f56e95c8bfc5,hydroponic.properties,available,10.99,50.99,medium,low,10,name.com,,,06/08/2026 10:34
992376cf-b9b1-4045-a639-59a304ec3ca6,anatidae.properties,available,18.99,39.99,medium,low,8,namesilo,,,19/09/2026 03:26
40dfcf65-d7ea-4ea4-8e33-6697f1b41750,wife.properties,available,14.17,31.25,high,low,4,spaceship,,,30/09/2026 03:56
8a6c13ac-364f-432a-9683-100475162c79,society.properties,available,6.1,32.21,high,low,7,dynadot,,,29/09/2026 01:43
ccbcdbe4-a42d-4903-a0ba-9d2b9670081b,gaur.properties,available,18.99,39.99,medium,low,4,namesilo,,,23/09/2026 13:04
99083663-4b71-41ef-bed5-1e5f9f996139,mev.properties,available,14.17,31.25,high,low,3,spaceship,,,29/09/2026 10:55
ac66cbed-2095-4c22-b0a4-2ed8408b6b2a,stimulated.properties,available,15.98,43.98,medium,low,10,namecheap,,,10/09/2026 20:42
17e0918c-d640-42b8-bf51-afbcfdf92790,damien.properties,available,14.17,31.25,medium,low,6,spaceship,,,28/09/2026 21:57
547fd92d-4174-4d9e-8d99-44e45cd653de,sonsy.properties,available,10.99,50.99,medium,low,5,name.com,,,10/08/2026 20:35
0ad588f6-1676-4847-a475-60135c750fbd,lxvii.properties,available,,,medium,low,5,,,,
4c39a11b-67dc-4b03-a8b0-0608605d6801,clancy.properties,available,14.17,31.25,medium,low,6,spaceship,,,28/09/2026 21:20
da6cdccb-19b6-49fb-84dc-b152387530e8,bannister.properties,available,18.99,39.99,high,low,9,namesilo,,,22/09/2026 00:23
a4083557-e113-45cc-9ab4-d5c2da03e031,virulent.properties,available,10.99,50.99,medium,low,8,name.com,,,
9f6874f8-3dc2-4120-b795-bfc692be993c,rocambole.properties,available,18.99,39.99,medium,low,9,namesilo,,,18/09/2026 11:33
e3d47f15-fb2d-4d9a-8921-2d99cb5509be,sheep.properties,available,18.99,39.99,high,low,5,namesilo,,,25/09/2026 10:41
28f17d0e-5091-4d32-abcf-277f7f6c87bd,westerly.properties,available,10.99,50.99,medium,low,8,name.com,,,13/09/2026 10:53
f4911150-187d-449f-bf69-54c7db9cf8a4,bev.properties,available,14.17,31.25,high,low,3,spaceship,,,30/09/2026 12:21
62e88679-f3b0-4e30-b026-654218c7672d,jonesboro.properties,available,18.99,39.99,medium,low,9,namesilo,,,01/10/2026 02:47
0c1d6441-0065-4ffc-887a-7cdcb022081d,quintette.properties,available,15.98,43.98,medium,low,9,namecheap,,,09/09/2026 09:00
7795205e-04da-457c-9af9-1880a28e4240,jainism.properties,available,14.17,31.25,medium,low,7,spaceship,,,02/10/2026 05:27
82fd8884-39d3-4823-bbd8-27fae8e0a3b7,hepatitis.properties,available,18,,high,low,9,unstoppable,,,29/09/2026 19:09
55dea441-027b-472b-a0c6-cf95eaaf7d7e,dashingly.properties,available,15.98,43.98,medium,low,9,namecheap,,,14/09/2026 10:41
ef963e63-840e-4879-ad68-d577ffbabd7f,stalinist.properties,available,15.98,43.98,medium,low,9,namecheap,,,10/09/2026 18:25
e866e7ec-6a0b-45a9-b413-f6263d1f4bfc,stale.properties,available,15.98,43.98,high,low,5,namecheap,,,10/09/2026 18:24
1774737e-35aa-45f6-b5aa-54293c68f92e,exhale.properties,available,14.17,31.25,high,low,6,spaceship,,,30/09/2026 16:30
8c2c3c20-943f-48bf-9381-4de4a62cdf9f,gertrude.properties,available,18.99,39.99,medium,low,8,namesilo,,,28/09/2026 21:50
93d353eb-d0d2-4299-9cd6-f4aa830e8fa5,tornados.properties,available,18.99,39.99,medium,low,8,namesilo,,,16/09/2026 14:12
85f962b8-a7cd-4417-9af1-b6a8472e4ef2,credendum.properties,available,15.98,43.98,medium,low,9,namecheap,,,20/09/2026 11:13
9e7c3f28-a899-437a-91e3-7cb45bdb9a40,tully.properties,available,14.17,31.25,medium,low,5,spaceship,,,28/09/2026 19:49
2e39dfa6-01cf-471b-8730-fd47d2a8b253,sourcecode.properties,available,15.98,43.98,high,low,11,namecheap,,,08/09/2026 07:26
23f5875c-f985-47f1-861f-bf016ea9e09a,pilot.properties,available,14.17,31.25,high,medium,5,spaceship,,,28/09/2026 19:40
a77cf101-568d-48b0-9b74-c0678bf688e2,penalty.properties,available,18.99,39.99,high,low,7,namesilo,,,27/09/2026 04:58
fc249941-f500-4c70-955a-22963ac97ff8,bligh.properties,available,14.17,31.25,medium,low,5,spaceship,,,01/10/2026 18:42
02b027c6-5ab7-4caa-8d56-c2ecb2c50627,mnemonic.properties,available,10.99,50.99,medium,low,8,name.com,,,25/08/2026 02:12
a81141bc-de7b-4196-a2c7-1d0440a496e1,hearts.properties,available,30.2,30.2,high,low,6,cloudflare,,,29/09/2026 22:26
dabe8221-3da2-4b92-8f8d-cda1d5a99ea1,aberrant.properties,available,10.99,50.99,high,low,8,name.com,,,
45d812d4-ba86-4069-8d1a-3b5828050740,presumption.properties,available,18.99,39.99,medium,low,11,namesilo,,,01/10/2026 15:05
4d6af4bc-e237-43a1-8bb9-7757b2bafd76,bloodline.properties,available,15.98,43.98,high,low,9,namecheap,,,08/09/2026 13:11
5172280e-e894-4fa8-a0b3-739058759324,weed.properties,resell,,,high,medium,4,"GoDaddy.com, LLC",20/11/2016 05:34,20/11/2026 05:34,29/09/2026 16:35
f5850486-303f-4c3a-8e84-f915903b6b54,frankenstein.properties,available,14.17,31.25,high,low,12,spaceship,,,28/09/2026 21:01
543d944c-e279-4b70-8f1a-4e1140145522,tampa.properties,premium,,,high,low,5,,,,29/09/2026 20:28
e5ace59f-7527-44a9-bb55-10f992958e39,meantime.properties,available,10.99,50.99,high,low,8,name.com,,,25/09/2026 10:12
b2d5f691-16dd-46f5-8bcd-ffbca18cb5d0,alkaline.properties,available,10.99,50.99,high,low,8,name.com,,,22/09/2026 00:14
4658abcf-ba85-49a6-966b-a689360b3e4f,unimportant.properties,available,18,,medium,low,11,unstoppable,,,01/10/2026 06:09
014ec219-065c-41a1-9e96-37c34937b0a3,pores.properties,available,14.17,31.25,low,low,5,spaceship,,,30/09/2026 14:43
4e1d0853-0c76-4a53-afa1-9ec6f9353fea,thrilled.properties,available,15.98,43.98,high,low,8,namecheap,,,11/09/2026 14:36
b74a50b5-3af1-41c0-80fd-5d3b9df8db80,conklin.properties,available,18.99,39.99,medium,low,7,namesilo,,,30/09/2026 13:55
e4ad6ae7-fc9c-475a-be20-fccf2bdf7ab0,swim.properties,available,18.99,39.99,high,low,4,namesilo,,,28/09/2026 02:10
282b3ee8-f03d-4127-80fe-ffcdd67c4387,restraint.properties,available,30.2,30.2,medium,low,9,cloudflare,,,28/09/2026 18:42
022a87bc-f63a-45ec-a7d2-0b90d17bb18e,immaculate.properties,available,10.99,50.99,high,low,10,name.com,,,18/08/2026 00:07
35c34b76-2e6f-4e58-80ad-cb38be4c4dd6,scent.properties,available,15.98,43.98,high,low,5,namecheap,,,20/09/2026 08:28
43082281-0ca2-417a-8648-795103be9615,activation.properties,available,10.99,50.99,high,low,10,name.com,,,
96efdf53-7322-4941-a74b-416365d56d76,cellini.properties,available,18.99,39.99,medium,low,7,namesilo,,,23/09/2026 08:47
0fd0754a-14f0-4e2b-9615-512128a51833,prox.properties,available,15.98,43.98,high,low,4,namecheap,,,09/09/2026 04:42
bcfdeeb2-104f-4b0c-bb12-c500fae61a43,citibank.properties,available,,,high,medium,8,,,,
3259aa08-22c1-4f3c-80f8-2670dcf1d803,shells.properties,available,18.99,39.99,medium,low,6,namesilo,,,19/09/2026 01:23
8e474d59-c53e-4a4a-b474-28c8ce30fac0,lumpy.properties,available,10.99,50.99,medium,low,5,name.com,,,12/08/2026 07:46
4da49060-72db-4b23-a361-02fddb757dee,newbury.properties,available,14.17,31.25,medium,low,7,spaceship,,,28/09/2026 03:59
c9a85a7e-d8f9-4749-8ec0-37cdb7e9e090,nitric.properties,available,10.99,50.99,medium,low,6,name.com,,,08/08/2026 02:58
cc9aec64-34c2-4a3c-97df-0477de8ebb01,sumptuary.properties,available,15.98,43.98,medium,low,9,namecheap,,,11/09/2026 01:40
f456903c-1da1-4a79-9484-4747fd2f7780,law.properties,premium,260,260,high,medium,3,namecheap,,,29/09/2026 11:16
9ffc7f51-8377-468b-9433-0f1b9bcfa56b,boisterous.properties,available,10.99,50.99,medium,low,10,name.com,,,10/08/2026 17:38
fc4b97be-56ee-49ad-83e8-a6c9beb3309c,ages.properties,available,10.99,,medium,low,4,name.com,,,
278e54a8-a011-404c-a606-a494b0e70c4b,adamant.properties,available,10.99,50.99,high,low,7,name.com,,,
409d40dc-2688-48e8-b4eb-ed3087fc051a,midi.properties,available,10.99,50.99,high,low,4,name.com,,,24/08/2026 22:34
2f468904-3672-4dcf-8d3d-af77b68d2c08,identified.properties,available,18.99,39.99,high,low,10,namesilo,,,25/09/2026 07:25
1dfb533e-752b-48e8-ad03-a4f9b2627ae1,intestate.properties,available,10.99,50.99,high,low,9,name.com,,,22/08/2026 08:24
5983047c-22a7-40a3-b6a5-34b9d69dce30,courtney.properties,available,15.98,43.98,high,low,8,namecheap,,,25/09/2026 21:37
04a5d579-bc60-48e1-a838-3e062f5ca3b5,underneath.properties,available,18.99,39.99,high,low,10,namesilo,,,16/09/2026 09:57
3f49fa04-21ed-483b-9d89-79c72bfeda53,rockets.properties,available,18.99,39.99,medium,low,7,namesilo,,,28/09/2026 13:30
a4e152b1-1579-48c3-bd0c-106419f02121,dissenter.properties,available,10.99,50.99,medium,low,9,name.com,,,14/08/2026 12:39
857a29ac-795e-4850-a13d-aa0e784a1f77,obituary.properties,available,6.1,32.21,high,low,8,dynadot,,,29/09/2026 13:33
e52bc189-9540-4e35-936e-62e7c9cf8a8f,weedless.properties,available,15.98,43.98,medium,low,8,namecheap,,,13/09/2026 10:00
7812a553-d0eb-4e2c-a74a-6776b080af2a,tyrone.properties,available,30.2,30.2,high,low,6,cloudflare,,,29/09/2026 20:57
82c6868d-d164-44b4-b4fb-d00c36376550,packed.properties,available,15.98,43.98,high,low,6,namecheap,,,25/09/2026 11:42
9b38a840-032a-4d87-a906-62156c1c790d,ictic.properties,available,10.99,50.99,low,low,5,name.com,,,21/08/2026 17:53
d1c8ab25-b241-48ea-af71-0082ad53949d,hee.properties,premium,68.51,68.51,high,low,3,spaceship,,,29/09/2026 21:26
a95d8e45-066a-4f41-839e-f15eb39f3ae3,pleasures.properties,available,18.99,39.99,medium,low,9,namesilo,,,29/09/2026 16:55
c9b937a2-fc21-40ad-894f-56f8ca4c1dcc,cluttered.properties,available,10.99,50.99,medium,low,9,name.com,,,12/08/2026 13:12
7371ca47-fe79-444b-92b0-feddfac3fc26,protesters.properties,available,18.99,39.99,low,low,10,namesilo,,,02/10/2026 03:18
9f9c7afb-c778-41ae-a0d8-a336e1cebe11,casebook.properties,available,15.98,43.98,high,low,8,namecheap,,,08/09/2026 03:38
3c806304-223e-4d56-83a8-863811bb5e8d,kira.properties,available,6.1,32.21,high,low,4,dynadot,,,01/10/2026 06:42
e626bd8e-647c-4da1-8808-5c4cb92b218d,difficulty.properties,available,6.18,31.41,high,low,10,porkbun,,,29/09/2026 14:54
7289384b-43b5-4a06-9ebb-4b75f863e447,sailors.properties,available,18.99,39.99,medium,low,7,namesilo,,,28/09/2026 13:06
543f0cb4-44a7-434e-85fc-45bf7cebb14e,worst.properties,available,6.1,32.21,medium,low,5,dynadot,,,28/09/2026 10:59
d4f3877a-ae5f-4259-a5cc-845df202d7b5,scheduled.properties,available,18.99,39.99,high,low,9,namesilo,,,27/09/2026 18:26
116cf8df-4920-4202-816c-2899d6b5562a,scrolls.properties,available,18.99,39.99,medium,low,7,namesilo,,,30/09/2026 00:40
0e37e9db-2a1a-43dd-9cc3-26f61c823a44,referred.properties,available,18.99,39.99,medium,low,8,namesilo,,,17/09/2026 06:11
8e43481e-0069-4394-bbf4-b9b28198d1e2,regarded.properties,available,15.98,43.98,high,low,8,namecheap,,,01/10/2026 19:17
1884740a-42c9-46e7-a05e-0368b9faf9f8,alcahest.properties,available,15.98,43.98,medium,low,8,namecheap,,,18/09/2026 03:43
8c650524-4c53-424d-9692-91405f5397a2,thunderstorm.properties,available,30.2,30.2,high,low,12,cloudflare,,,01/10/2026 22:23
106cb081-cab7-4750-b17a-cd372e67f40d,chatbot.properties,available,14.17,31.25,high,medium,7,spaceship,,,02/10/2026 01:35
8ebe3ba6-9451-4861-b6cc-3e8fd4a2aabd,furnace.properties,available,14.17,31.25,high,low,7,spaceship,,,28/09/2026 19:17
9b743176-e469-4395-9136-6439c64cf49d,willow.properties,available,18.99,39.99,high,low,6,namesilo,,,30/09/2026 14:43
915f3f8e-4b8c-492f-bc43-1334d3ecab9c,mindfulness.properties,available,14.17,31.25,high,low,11,spaceship,,,29/09/2026 10:40
bb4affbf-9462-4ab5-a82c-1989470f8a02,ravishing.properties,available,15.98,43.98,high,low,9,namecheap,,,09/09/2026 10:42
661178a9-c061-4fdc-8faa-2f0570247c5d,bolivian.properties,available,10.99,50.99,high,low,8,name.com,,,10/08/2026 17:46
077b8e4b-7866-4e43-86c5-db289e8025f2,infantile.properties,available,10.99,50.99,high,low,9,name.com,,,12/08/2026 05:04
ba569b0c-6cf5-4870-a422-075ae48992d3,lamely.properties,available,15.98,43.98,low,low,6,namecheap,,,15/09/2026 10:37
fb67da05-4236-4665-bb81-3b4e4e1c2502,longitude.properties,available,15.98,43.98,high,low,9,namecheap,,,30/09/2026 03:11
3cf89188-6834-4905-bd22-2bf769a79fde,sheet.properties,available,6.1,32.21,high,low,5,dynadot,,,29/09/2026 01:47
f53ddf51-b976-4254-a2ac-44dc9c50c7ae,drummond.properties,available,18.99,39.99,medium,low,8,namesilo,,,25/09/2026 15:26
24f030b6-83d8-488f-aade-facfe319c7d7,amateur.properties,available,6.1,32.21,high,low,7,dynadot,,,01/10/2026 20:01
73a72fb3-8a69-4ff0-bc98-21cd6b2269bc,telescopic.properties,available,15.98,43.98,medium,low,10,namecheap,,,11/09/2026 10:24
722d9eed-9bf1-40bf-9be0-92c7c05174e5,pied.properties,available,15.98,43.98,high,low,4,namecheap,,,03/09/2026 10:39
2910dbe4-3f35-4116-887e-3e10851614e5,villages.properties,available,6.1,32.21,medium,low,8,dynadot,,,29/09/2026 05:32
7c9453fc-6d11-4f83-9e39-2999208edcf4,pummel.properties,available,18.99,39.99,medium,low,6,namesilo,,,23/09/2026 13:52
3c06bfcd-80f7-432c-b959-1ce35d7f1c3b,castellano.properties,available,14.17,31.25,medium,low,10,spaceship,,,01/10/2026 02:19
03d5b3bb-1a4c-4fb3-8b82-cc4629de7afa,ridges.properties,available,30.2,30.2,low,low,6,cloudflare,,,30/09/2026 23:22
4861aa5e-b285-4503-a6ef-f3c0b890929b,kooky.properties,available,10.99,50.99,medium,low,5,name.com,,,06/08/2026 21:04
a758616c-3c9b-44fc-ad12-ea04fc08e519,anvers.properties,available,15.98,43.98,medium,low,6,namecheap,,,19/09/2026 15:49
9870c5a6-487c-4e24-a865-d030acfe7858,okada.properties,available,18,,medium,low,5,unstoppable,,,30/09/2026 20:35
40a832eb-5fd0-4238-b5fc-070d59229081,prate.properties,available,18.99,39.99,medium,low,5,namesilo,,,23/09/2026 23:29
9125b9e6-eefe-4c41-a164-189e146c9eae,benumb.properties,available,15.98,43.98,medium,low,6,namecheap,,,03/09/2026 22:47
5cc36112-2587-49e7-9827-62843f154835,studies.properties,available,18.99,39.99,high,low,7,namesilo,,,16/09/2026 11:06
0ea9d444-a198-42c3-bf41-3c27398e5866,rok.properties,available,30.2,30.2,high,low,3,cloudflare,,,29/09/2026 08:31
0d8731ad-35aa-427a-9742-362df96b2c30,install.properties,available,6.18,31.41,high,low,7,porkbun,,,30/09/2026 20:22
4e5487c2-3f01-4491-8062-78b7f4fcc959,thu.properties,available,14.17,31.25,medium,low,3,spaceship,,,30/09/2026 19:35
c5be1488-39fe-472b-81d6-afdd92a2b67e,perplex.properties,available,15.98,43.98,high,low,7,namecheap,,,21/09/2026 17:26
ead1d2a0-e6e3-458f-954c-0f0805219143,rented.properties,premium,242,242,high,low,6,namesilo,,,17/09/2026 18:45
67263556-2c10-4c17-ad3b-5ed882b1102b,slaughter.properties,available,15.98,43.98,medium,low,9,namecheap,,,13/09/2026 08:00
690dab16-7cd1-42d0-8038-0657637a4473,brook.properties,available,14.17,31.25,high,low,5,spaceship,,,29/09/2026 04:32
eb1eebb7-4d2a-414a-a190-9e6497387090,turnip.properties,available,14.17,31.25,high,low,6,spaceship,,,02/10/2026 04:09
9193e875-8059-4563-bc96-6f7111e3b16a,preparing.properties,available,18.99,39.99,high,low,9,namesilo,,,27/09/2026 06:40
6e149c73-b936-4d03-99bb-a1882a4c048d,seyhan.properties,available,15.98,43.98,medium,low,6,namecheap,,,17/09/2026 06:19
57d1c45d-c0d4-4266-80a7-887c1ad2268f,pancake.properties,available,18.99,39.99,high,low,7,namesilo,,,22/09/2026 14:28
7f965cbe-0191-4055-913e-c48e14383e3f,apples.properties,available,18.99,39.99,high,low,6,namesilo,,,18/09/2026 14:01
4c2bb73c-8f62-438a-aeb6-c2ec557499ed,audacity.properties,available,18.99,39.99,high,low,8,namesilo,,,21/09/2026 02:47
af855b50-b9a2-4a8b-ac8e-3894bfa47fe5,firsthand.properties,available,30.2,30.2,high,low,9,cloudflare,,,01/10/2026 13:24
a68987fd-afea-4511-bd11-04ad2e400326,exotic.properties,premium,1000,1000,high,low,6,name.com,,,17/08/2026 17:49
0c24b265-ad4f-4543-a5fa-29d603d5187f,snuggled.properties,available,15.98,43.98,medium,low,8,namecheap,,,03/09/2026 15:48
779ce7c8-6f4d-4086-aacb-3f96e6a35e77,hum.properties,premium,72.6,72.6,high,low,3,dynadot,,,28/09/2026 19:52
bbd02b84-4b9e-4dcd-b794-f819dd8e99fd,octad.properties,available,10.99,50.99,medium,low,5,name.com,,,
f05a0357-9b1c-4dd0-a435-3812b69bf82e,alluvial.properties,available,10.99,50.99,high,low,8,name.com,,,
fb620730-c71f-4f12-b7a3-7f803b5da6c7,horrid.properties,available,10.99,50.99,medium,low,6,name.com,,,21/08/2026 08:14
4f0342b8-2c9d-4dab-9ebb-de059657ea96,whips.properties,available,18.99,39.99,medium,low,5,namesilo,,,17/09/2026 19:42
53ff0fb5-8477-48a1-bf3c-255d99a7febc,airliner.properties,available,15.98,43.98,high,low,8,namecheap,,,17/09/2026 23:14
1c758d76-c8cb-4468-a98a-cb2bf9e6f443,decision.properties,available,18.99,39.99,high,low,8,namesilo,,,24/09/2026 17:06
a819e1f9-23ba-462e-90bc-37cd8b0dc0ee,yolanda.properties,available,6.1,32.21,medium,low,7,dynadot,,,30/09/2026 21:10
224d7279-31b7-4cb2-8ce0-908afa9d2655,emblems.properties,available,14.17,31.25,medium,low,7,spaceship,,,28/09/2026 18:24
320b4d0e-c5e5-4671-a2cd-209bf87c8c02,maidens.properties,available,15.98,43.98,high,low,7,namecheap,,,02/10/2026 03:57
26bc96a6-b349-4bbc-8b64-77268fe314cf,xiii.properties,available,18.99,39.99,high,low,4,namesilo,,,21/09/2026 11:34
9bb7de7e-453c-49c7-b3d0-db711c832786,soto.properties,available,18.99,39.99,high,low,4,namesilo,,,27/09/2026 07:28
cc95d4e3-6731-4d35-be20-5fa3298bb557,drifted.properties,available,18,,medium,low,7,unstoppable,,,30/09/2026 07:02
e82279e3-496c-486d-9002-ab89e3c283a5,bahaism.properties,available,15.98,43.98,medium,low,7,namecheap,,,21/09/2026 18:33
a74b52b7-e20c-4059-ba6f-38132b1de665,hang.properties,available,15.98,43.98,high,low,4,namecheap,,,28/09/2026 19:01
745b6cbc-e6a4-4294-bce8-0b49c35a9182,privy.properties,available,15.98,43.98,high,low,5,namecheap,,,09/09/2026 02:12
7f5e828d-b2d4-446f-8fab-dd37000bdd4b,exciting.properties,available,18.99,39.99,high,low,8,namesilo,,,24/09/2026 15:57
f81eed1c-07b8-4376-b383-c10401cd9b0f,materially.properties,available,15.98,43.98,medium,low,10,namecheap,,,15/09/2026 13:37
97f725cb-acb4-4d2c-abaa-a16f4f1bc422,obscenity.properties,available,18.99,39.99,medium,low,9,namesilo,,,22/09/2026 16:47
99f5244a-08bd-4994-a273-319ddafa4152,hesperides.properties,available,15.98,43.98,medium,low,10,namecheap,,,20/09/2026 21:44
cddc8758-d7ae-44b1-9782-a28a4e558d1d,flexile.properties,available,10.99,50.99,medium,low,7,name.com,,,18/08/2026 08:06
a40d7ec7-17a8-4563-bc43-34234f791912,auteur.properties,available,18.99,39.99,high,low,6,namesilo,,,21/09/2026 05:06
8f5793a5-c0c9-4457-a322-9ab4ae3bf99b,tallest.properties,available,18.99,39.99,medium,low,7,namesilo,,,01/10/2026 17:37
929badb8-de67-4bfb-a0b5-120e4cc087bc,airline.properties,available,6.18,31.41,medium,low,7,porkbun,,,02/10/2026 01:24
d2401a0f-22d9-47dd-8ef4-3f04ad299941,congruous.properties,available,10.99,50.99,medium,low,9,name.com,,,12/08/2026 21:56
f5b433ee-8b7b-4c5d-bfe2-3aaa12e0a25e,vasily.properties,available,18.99,39.99,medium,low,6,namesilo,,,30/09/2026 13:44
5941f294-1254-443e-86b3-7534f96d47d6,commission.properties,available,30.2,30.2,high,low,10,cloudflare,,,29/09/2026 10:22
479c86c2-e26f-4b7b-9acd-6bdb01f32a75,subject.properties,available,15.98,43.98,high,low,7,namecheap,,,03/09/2026 13:38
bcd167ab-1331-4749-a2d3-a8c688f0ae0b,mules.properties,available,30.2,30.2,high,low,5,cloudflare,,,29/09/2026 21:20
e252dd96-2c19-4baf-b15a-a85411c41323,glowingly.properties,available,15.98,43.98,medium,low,9,namecheap,,,14/09/2026 21:48
1fc03415-62fa-445f-9844-67842bf9fc53,prepaid.properties,available,15.98,43.98,high,low,7,namecheap,,,09/09/2026 00:39
bdbed3e9-9c35-4ae0-891f-f5fdeecc1c47,conspicuous.properties,available,14.17,31.25,medium,low,11,spaceship,,,29/09/2026 03:02
b21fcd85-e2c8-42db-a99f-fa824bf4cd15,eritrean.properties,premium,78.54,78.54,high,low,8,namesilo,,,17/08/2026 12:22
f3bd3e6c-ae9b-4769-8347-09953fddeb45,dispatcher.properties,available,18.99,39.99,high,low,10,namesilo,,,24/09/2026 22:52
cb131c1a-9c6f-41e0-9573-679ac1f2b86d,niggers.properties,available,15.98,43.98,low,low,7,namecheap,,,16/09/2026 14:20
2b57908b-3643-42d0-bcc7-54a0e05a0de7,angina.properties,available,18.99,39.99,medium,low,6,namesilo,,,19/09/2026 06:08
e93b1aad-33f2-41dc-b8dd-edef04322fc8,aar.properties,available,18.99,39.99,medium,low,3,namesilo,,,16/09/2026 13:19
7c7c9dda-429d-44cc-8bd6-1e756116e680,armies.properties,available,18,,medium,low,6,unstoppable,,,28/09/2026 17:38
f8b312c9-e23c-44a2-a031-1207117d894e,focal.properties,available,10.99,50.99,high,low,5,name.com,,,18/08/2026 09:44
e0d29dc7-0f35-4dba-9d5a-8152845ae289,lupus.properties,available,30.2,30.2,medium,low,5,cloudflare,,,02/10/2026 05:40
c6a1a5b8-a491-4e24-b997-1494dd6b2139,investigation.properties,available,18.99,39.99,high,low,13,namesilo,,,25/09/2026 17:01
1e824594-33a6-46ad-a2dc-8859de913661,merrily.properties,available,15.98,43.98,high,low,7,namecheap,,,14/09/2026 00:25
519acfaf-f8e1-4cd8-88bc-e71d04f2e253,lorca.properties,available,15.98,43.98,high,low,5,namecheap,,,02/10/2026 04:57
471f71f5-6bbb-4d83-9ff7-f29c6962ec31,nance.properties,available,15.98,43.98,medium,low,5,namecheap,,,09/09/2026 08:05
e72ee18d-fa60-4b28-8245-532b88c2e74a,oswald.properties,available,10.99,50.99,high,low,6,name.com,,,25/09/2026 08:53
305618d9-a212-44f1-b7f7-a76219876d7e,slithering.properties,available,15.98,43.98,medium,low,10,namecheap,,,10/09/2026 11:07
f37d9b9c-b2fc-42f6-8360-344b2514eabc,ninth.properties,available,10.99,50.99,high,low,5,name.com,,,
e08c0664-2877-42c5-bf85-567bb4f9b92f,frock.properties,available,10.99,50.99,medium,low,5,name.com,,,14/08/2026 18:55
0dc2c8be-557d-441d-b356-c24d80923042,browning.properties,available,30.2,30.2,high,low,8,cloudflare,,,29/09/2026 11:47
b4f86d5d-e6e7-4414-8cb0-1759924f390d,edit.properties,available,30.2,30.2,high,low,4,cloudflare,,,29/09/2026 02:42
e8330a99-d480-457c-9c81-957105808c29,treat.properties,available,18.99,39.99,high,low,5,namesilo,,,24/09/2026 04:23
74f0ecb7-fbb6-412a-91b1-fa9441709388,forsythe.properties,available,18.99,39.99,medium,low,8,namesilo,,,30/09/2026 16:08
70c37979-25f6-42cb-bb8d-10dbf54899d5,jargon.properties,available,15.98,43.98,high,low,6,namecheap,,,13/09/2026 04:10
ceb078db-87d3-477c-a06c-08ecb6827137,talented.properties,available,10.99,50.99,high,low,8,name.com,,,18/08/2026 23:26
ffc5e62e-d4da-4ee9-8583-83178a469ef2,ripple.properties,available,15.98,43.98,high,low,6,namecheap,,,12/09/2026 08:34
26131dab-eac5-43a2-8cd9-fbb4d674badd,towers.properties,available,30.2,30.2,medium,low,6,cloudflare,,,28/09/2026 08:26
2f37a943-6543-49b1-9c10-b536ea128c41,charitably.properties,available,15.98,43.98,medium,low,10,namecheap,,,14/09/2026 06:19
60a26877-0731-49a1-9bf8-23603e529a53,surrounded.properties,available,10.99,50.99,high,low,10,name.com,,,16/08/2026 22:16
15326149-371f-4d41-8c7e-a4bab0cab7c1,laurent.properties,available,18.99,39.99,medium,low,7,namesilo,,,27/09/2026 09:55
3e7b8a23-9d2b-4f30-b4c2-eea45393984d,bankers.properties,available,15.98,43.98,high,low,7,namecheap,,,20/09/2026 11:37
9b89a1c1-1b9c-49f9-986d-8792882296fb,ionizing.properties,available,18,,medium,low,8,unstoppable,,,29/09/2026 08:38
af1731c9-9e41-4c23-a699-995ec081305e,hull.properties,available,18.99,39.99,high,low,4,namesilo,,,28/09/2026 01:42
9f7d7b81-ba9c-415e-867f-9b758e53d632,analogy.properties,available,18,,high,low,7,unstoppable,,,28/09/2026 21:11
af562df9-953e-4621-a603-9d8eb2d95a37,formative.properties,available,10.99,50.99,high,low,9,name.com,,,18/08/2026 12:07
a972355d-a21f-423f-90f6-8a6d15bc8e35,polemist.properties,available,15.98,43.98,medium,low,8,namecheap,,,08/09/2026 22:57
e8839610-f4d8-44c1-8262-f2e19934c006,olives.properties,available,18.99,39.99,medium,low,6,namesilo,,,20/09/2026 04:34
11ba1d34-1dfc-4b7f-b565-7067d6d29d5a,crabs.properties,available,6.1,32.21,high,low,5,dynadot,,,29/09/2026 00:30
1ba72e4a-4afc-4f60-bc6f-a7cbf6a71ba6,chung.properties,available,6.18,31.41,medium,low,5,porkbun,,,28/09/2026 16:45
c4ba7997-5c2b-497b-aa87-fd49b4b009df,ignoring.properties,available,6.18,31.41,medium,low,8,porkbun,,,28/09/2026 11:32
69809c1d-4b42-4471-8791-e9ab3ce3dac7,batik.properties,available,18.99,39.99,high,low,5,namesilo,,,22/09/2026 14:02
252126b4-9dfc-454d-ae39-f88fe7d64f89,swaps.properties,available,18.99,39.99,medium,low,5,namesilo,,,18/09/2026 22:39
24398ff8-fb24-424d-9013-c02118581130,firm.properties,available,14.17,31.25,high,low,4,spaceship,,,30/09/2026 07:49
26ab713a-cc91-4cea-a8f7-93ed1233850f,laxative.properties,available,10.99,50.99,high,low,8,name.com,,,22/08/2026 21:25
2e69b8de-a617-405b-9d43-3885c851a457,willoughby.properties,available,14.17,31.25,high,low,10,spaceship,,,28/09/2026 00:32
532959c7-938f-4e28-b3ba-4da037fc2ea4,miocene.properties,available,18.99,39.99,high,low,7,namesilo,,,25/09/2026 23:43
e5670851-b2f2-4541-99b3-f620f6f2aecb,unfilmed.properties,available,15.98,43.98,medium,low,8,namecheap,,,12/09/2026 10:14
09ed8614-d0bf-4fe8-99b7-6f8a77ba8652,emmet.properties,available,18.99,39.99,medium,low,5,namesilo,,,19/09/2026 12:15
48f0e503-be5f-4337-9c47-ee84952fda89,conceived.properties,available,6.18,31.41,medium,low,9,porkbun,,,28/09/2026 22:54
23170c48-31cb-4979-8040-7a6e3b9369ed,delineate.properties,available,10.99,50.99,high,low,9,name.com,,,14/08/2026 00:39
f3fa1008-e6cc-4a6d-8a1f-501d0fd57887,noisy.properties,available,15.98,43.98,high,low,5,namecheap,,,03/09/2026 18:15
e44aed1c-d45a-436c-859e-66cb3a42134a,indulgence.properties,available,15.98,43.98,high,low,10,namecheap,,,05/09/2026 00:24
01e15093-ae96-43ae-8ee3-78f517f62abf,indicate.properties,available,15.98,43.98,high,low,8,namecheap,,,27/09/2026 05:02
9897297e-5f85-4880-b559-5edd1faca518,crabwise.properties,available,10.99,50.99,medium,low,8,name.com,,,13/08/2026 04:14
65e52349-72a5-4b92-a89f-289d319c1fd1,esoteric.properties,available,10.99,50.99,high,low,8,name.com,,,17/08/2026 13:17
615c1999-d1ab-4a25-8adb-6f4089875054,blister.properties,available,14.17,31.25,medium,low,7,spaceship,,,02/10/2026 01:57
e0c1ee92-213c-4637-9476-948540593e3a,chilean.properties,premium,118.8,118.8,high,low,7,namesilo,,,12/08/2026 05:15
10a92856-c486-4731-a50b-7fc6cc92fed4,posture.properties,available,15.98,43.98,high,low,7,namecheap,,,28/09/2026 08:17
5887d368-5f3b-409c-9c7a-9676ca528bc0,allargando.properties,available,10.99,50.99,medium,low,10,name.com,,,
9933d5a4-4da9-41bc-8ce1-305620d7a691,concentrated.properties,available,15.98,43.98,high,low,12,namecheap,,,01/10/2026 09:43
f6e74921-40b5-4562-8150-88e790d428f6,sanely.properties,available,15.98,43.98,medium,low,6,namecheap,,,16/09/2026 00:33
7689685a-2f62-4dbc-9e35-950c1031d4fb,ultimo.properties,available,15.98,43.98,medium,low,6,namecheap,,,11/09/2026 22:47
5ca779db-3c1f-47ab-8f54-c15aef90d6f8,fresno.properties,premium,118.8,118.8,high,low,6,namesilo,,,30/09/2026 01:42
e041d915-b23f-4e29-9528-1d261df4721e,teatime.properties,available,18.99,39.99,high,low,7,namesilo,,,17/09/2026 15:45
37df7940-3159-4539-ac3e-0a7920cfbfb4,broiled.properties,available,10.99,50.99,medium,low,7,name.com,,,11/08/2026 05:19
8b1969a5-f917-4d5b-a40c-386c673f5c27,killingly.properties,available,15.98,43.98,low,low,9,namecheap,,,15/09/2026 10:22
b1e06303-9a3a-43ad-b2d9-cc21d25414c3,nutty.properties,available,10.99,50.99,high,low,5,name.com,,,06/08/2026 21:27
4123cc29-4d69-43d2-9612-2c268c09655c,hammers.properties,available,18,,medium,low,7,unstoppable,,,01/10/2026 08:09
65006dfd-542b-49b9-b880-3a8e01762f1a,campaigns.properties,available,18.99,39.99,medium,low,9,namesilo,,,30/09/2026 14:57
9338cc56-b406-437a-8a68-08745ff0bce5,hazardous.properties,available,10.99,50.99,medium,low,9,name.com,,,21/08/2026 01:42
d244dd13-f428-4a9b-8e2e-b1b7cc0de230,hewlett.properties,available,14.17,31.25,medium,low,7,spaceship,,,28/09/2026 23:16
89507529-a728-448c-84ee-944e081ca15f,prehistoric.properties,available,14.17,31.25,medium,low,11,spaceship,,,29/09/2026 03:08
03e2576f-ab96-47d2-810f-12848884fe90,fis.properties,available,30.2,30.2,high,low,3,cloudflare,,,28/09/2026 03:41
2c9dc525-1513-4f16-b6b6-c3420940aff3,moreton.properties,premium,,,medium,low,7,,,,30/09/2026 12:45
d6c8dfcb-0559-4729-bed6-2ece82065394,darker.properties,available,18.99,39.99,low,low,6,namesilo,,,28/09/2026 23:20
5264a050-0593-4561-afcb-94173066f7fe,aec.properties,available,18.99,39.99,high,low,3,namesilo,,,17/09/2026 12:04
13b041b6-eb57-4bcf-b4ed-6fab65c7536b,ablated.properties,available,10.99,50.99,medium,low,7,name.com,,,
4aa15a22-b098-491c-9558-da8fca2f4cdf,ares.properties,available,18.99,39.99,high,low,4,namesilo,,,20/09/2026 04:02
c0455060-19d3-47b9-af1f-838ac6db19b7,aldol.properties,available,18.99,39.99,high,low,5,namesilo,,,18/09/2026 04:25
41b8464c-5201-47c6-82dc-36684eea4351,dismiss.properties,available,18,,high,low,7,unstoppable,,,29/09/2026 15:34
7705cfff-e28c-4cd7-b5ab-b69872cb7830,iridescent.properties,available,10.99,50.99,high,low,10,name.com,,,12/08/2026 03:15
b376f91e-355a-4d9b-a8be-3ebdc09c9c71,turned.properties,available,18.99,39.99,medium,low,6,namesilo,,,28/09/2026 09:34
e87e9c69-1734-4c63-9f2e-0c062351d2b7,ansi.properties,available,18.99,39.99,medium,low,4,namesilo,,,28/09/2026 11:47
7eabda09-e118-4fdb-9693-0744010ae0a5,ehrlich.properties,available,18.99,39.99,medium,low,7,namesilo,,,29/09/2026 00:46
3f3336d4-0b29-455e-8d28-e12bbb83cbb7,squinch.properties,available,15.98,43.98,medium,low,7,namecheap,,,10/09/2026 17:51
631271c5-cf86-43e0-aeab-c451b3cd333d,replacements.properties,available,14.17,31.25,medium,low,12,spaceship,,,29/09/2026 17:20
c05e97ac-67f7-4b13-8f6f-3665217bb3f5,chairwoman.properties,available,18.99,39.99,high,low,10,namesilo,,,29/09/2026 07:58
57690eb4-14bb-436d-b376-c93bc966848f,ashlar.properties,available,18.99,39.99,high,low,6,namesilo,,,20/09/2026 13:55
f7e8e1fb-72cd-4b3d-a2df-aa5bece9a523,ranking.properties,available,18.99,39.99,high,low,7,namesilo,,,27/09/2026 09:40
67028873-e62a-42b8-9abf-be7c7a6f5c46,crumb.properties,available,10.99,50.99,medium,low,5,name.com,,,11/08/2026 09:20
0e03df0b-ea7f-4b06-8757-b1bb98457fb8,barroom.properties,available,15.98,43.98,high,low,7,namecheap,,,22/09/2026 03:34
64529eaf-570a-40c9-aaca-965ad3a9b7a2,vanilla.properties,available,15.98,43.98,high,low,7,namecheap,,,13/09/2026 01:08
bfb5ed37-2811-486b-8e07-188d0684237a,welds.properties,available,18.99,39.99,medium,low,5,namesilo,,,20/09/2026 14:08
7e20740b-cca4-4531-af40-3ef18a8676c6,chasten.properties,available,15.98,43.98,medium,low,7,namecheap,,,11/09/2026 07:42
ab68b547-bd16-4b59-8554-618d731fdc73,burnable.properties,available,10.99,50.99,medium,low,8,name.com,,,11/08/2026 10:44
f293481b-d2d3-48a7-a7a5-cdb3908024d5,attilio.properties,available,15.98,43.98,medium,low,7,namecheap,,,21/09/2026 01:49
e69c7a89-0080-4b83-8b34-a0298de5772e,empyrean.properties,available,10.99,50.99,medium,low,8,name.com,,,16/08/2026 20:51
12817fd8-543e-42d0-ad82-7e62d7dd05f5,hinder.properties,available,18.99,39.99,high,low,6,namesilo,,,24/09/2026 23:48
edc78208-2be4-4202-83b0-ff38af5c8921,seeking.properties,available,30.2,30.2,high,low,7,cloudflare,,,27/09/2026 15:47
f1a96873-253b-451e-a514-707a47a1c975,endoergic.properties,available,10.99,50.99,medium,low,9,name.com,,,17/08/2026 01:08
e43346ea-a671-43c5-a77f-e5833f4a680b,interviewee.properties,available,18.99,39.99,medium,low,11,namesilo,,,01/10/2026 06:07
c63822ef-ead0-4ab3-9538-6399c869e804,sustained.properties,available,10.99,50.99,high,low,9,name.com,,,18/08/2026 14:51
7d5aa3ca-9914-4c80-ab82-43e35c96555e,chambered.properties,available,10.99,50.99,medium,low,9,name.com,,,12/08/2026 01:34
a868d873-3558-4c0b-8a14-7ecb5bd4159b,nia.properties,available,15.98,43.98,high,low,3,namecheap,,,29/09/2026 20:55
2d34ca41-a502-4c23-893c-ea621905389a,someone.properties,available,18.99,39.99,high,low,7,namesilo,,,25/09/2026 09:13
7963f3ae-39b2-43b4-a120-af5218657fc6,masquerade.properties,available,18,,high,low,10,unstoppable,,,30/09/2026 17:17
999108a5-ed8a-466e-aaf8-edb854e70439,pierce.properties,premium,242,242,high,low,6,namesilo,,,27/09/2026 13:38
66d6d862-51dc-41e0-9796-93bf1df9ce97,arawn.properties,available,18.99,39.99,medium,low,5,namesilo,,,20/09/2026 00:29
f15d819d-1fbe-41a3-bc82-347a292027b4,saler.properties,available,15.98,43.98,high,low,5,namecheap,,,01/10/2026 12:20
df3ac36e-ea29-41c3-92cc-a3ae31e98c3c,rusted.properties,available,15.98,43.98,medium,low,6,namecheap,,,09/09/2026 20:17
0f12bd3d-7b2f-4531-93f0-393b1387c9b2,elevation.properties,available,10.99,50.99,high,low,9,name.com,,,24/08/2026 20:49
9f340f89-0859-40d5-804f-4c8d2e651d96,burnish.properties,available,15.98,43.98,high,low,7,namecheap,,,08/09/2026 23:02
01f4c03d-3bfd-4ffa-9b2e-909627b5eaeb,cable.properties,available,18.99,39.99,high,low,5,namesilo,,,24/09/2026 11:34
334a76f3-7d4f-45c6-87e4-f9cff624e674,exercise.properties,available,14.17,31.25,high,low,8,spaceship,,,01/10/2026 02:39
26ad94ff-6515-4ebe-b6a9-5eb0562b128b,pesos.properties,available,18,,medium,low,5,unstoppable,,,30/09/2026 06:56
20e947d1-2c30-41b7-b635-0f74a000ec92,forgets.properties,available,18.99,39.99,medium,low,7,namesilo,,,30/09/2026 16:05
1f5d65e6-1b9a-4fca-b88d-db04b193d6f2,dungeon.properties,available,18.99,39.99,high,low,7,namesilo,,,24/09/2026 23:29
2a79b896-ced8-4d79-b0f4-91099db4a18a,lucrative.properties,available,18.99,39.99,high,low,9,namesilo,,,25/09/2026 15:34
f6ef8df2-5898-40c0-bf49-b808f25b71a2,fda.properties,available,18.99,39.99,high,low,3,namesilo,,,25/09/2026 05:55
d4957b81-9621-4c9c-832b-56ffa2cdb64d,newspapers.properties,available,18.99,39.99,medium,low,10,namesilo,,,27/09/2026 02:48
3accc13b-e4c5-43c7-b607-d41661b940db,quinn.properties,available,15.98,43.98,high,low,5,namecheap,,,25/09/2026 21:10
9b4e4a3d-c35c-4682-9ea5-aeb77f1988a2,stressed.properties,available,15.98,43.98,medium,low,8,namecheap,,,10/09/2026 22:30
7d80b93f-7829-4dbf-a99f-8a9e7703c7a4,farcical.properties,available,10.99,50.99,medium,low,8,name.com,,,17/08/2026 22:30
0bdfea20-e8b5-4154-b051-6660cac42b1e,brawl.properties,available,18.99,39.99,high,low,5,namesilo,,,29/09/2026 11:45
e7dcbd58-5ebc-40a6-a427-a60393f1255d,conga.properties,available,18.99,39.99,high,low,5,namesilo,,,24/09/2026 17:17
24a1153f-a5b0-4942-9a8d-c23fb54a9ad4,coffeecake.properties,available,10.99,,high,low,11,name.com,,,
8a347ea4-21d7-4959-b4a7-9d049f0a0114,arresting.properties,available,10.99,50.99,high,low,9,name.com,,,06/08/2026 21:47
df6647a0-e6c2-4d1a-bf8e-0e2089ae41ab,beauty.properties,premium,828.2,828.2,high,medium,6,spaceship,,,02/10/2026 00:15
cf7a8f91-b832-4896-bcf7-97dda577539a,footballs.properties,available,18.99,39.99,medium,low,9,namesilo,,,20/09/2026 06:56
712d9cac-8830-46f7-81f6-ed2bab4dee5a,bicuspid.properties,available,10.99,50.99,high,low,8,name.com,,,09/08/2026 19:44
98e96b5d-ff66-414b-a17c-e37b4de4ca69,drafted.properties,available,18,,medium,low,7,unstoppable,,,29/09/2026 04:48
559d8d45-40ec-4fbc-95f4-7add9220e7c8,yogic.properties,available,15.98,43.98,medium,low,5,namecheap,,,13/09/2026 14:41
6d98a6ea-89a1-40ef-ac15-afbffc98c15f,relationships.properties,available,15.98,43.98,medium,low,13,namecheap,,,17/09/2026 20:15
8df58fe0-0b10-4692-a139-e98548433831,strive.properties,available,30.2,30.2,high,low,6,cloudflare,,,29/09/2026 18:47
5babe593-d730-47f7-87b2-536bee9c96bc,amah.properties,available,18.99,39.99,medium,low,4,namesilo,,,18/09/2026 15:37
1ba1f3b4-c9be-4ec6-b1f7-9bf23864c319,gardener.properties,available,18,,high,low,8,unstoppable,,,28/09/2026 09:51
198f2b39-9330-4f1d-a4cd-d147408b3283,terms.properties,available,14.17,31.25,high,low,5,spaceship,,,29/09/2026 19:50
fa011be0-33ae-4ee5-8b65-013c9a1f229a,brownsville.properties,premium,118.8,118.8,medium,low,11,namesilo,,,28/09/2026 08:10
a594a4da-e067-43f8-986c-496045b4652f,romantic.properties,available,18.99,39.99,high,low,8,namesilo,,,22/09/2026 03:28
1d915109-7aaf-4e42-8558-eaa01396e659,mounts.properties,available,18,,medium,low,6,unstoppable,,,01/10/2026 00:51
9cb081fb-a5e0-476a-b6c7-1462d76c8f42,novi.properties,available,6.1,32.21,high,low,4,dynadot,,,28/09/2026 21:12
7d12d150-e6b0-4077-b539-b253d0b7e34f,acarine.properties,available,15.98,43.98,medium,low,7,namecheap,,,16/09/2026 21:33
fa60db38-a5f6-4fcd-a916-33ae711015bd,supervise.properties,available,18,,high,low,9,unstoppable,,,30/09/2026 05:05
08654528-9b8c-4bf0-8148-1cbb32a39ae8,sandra.properties,available,18.99,39.99,high,low,6,namesilo,,,27/09/2026 22:38
d1d12aea-5c08-4fda-8367-f22af4226950,guido.properties,available,18.99,39.99,high,low,5,namesilo,,,27/09/2026 06:38
97f06c9b-a623-4551-8f0b-b6d30da52392,lichens.properties,available,6.1,32.21,low,low,7,dynadot,,,29/09/2026 05:48
b64d50a3-93ee-4ee9-8e49-1ff563df076c,anemometer.properties,available,15.98,43.98,medium,low,10,namecheap,,,19/09/2026 05:15
a455512b-7ce3-42a7-a3a9-e60820748eea,vistula.properties,available,14.17,31.25,medium,low,7,spaceship,,,30/09/2026 19:05
4b62453a-a2d3-4d45-b82e-60f8bc459f10,concede.properties,available,14.17,31.25,high,low,7,spaceship,,,01/10/2026 04:09
12c9f71f-e3f5-4756-808c-bb93f2c8be85,annulated.properties,available,,,medium,low,9,,,,
de17b7d0-44ee-4ef9-b4b1-b825bd6df9fb,wahoo.properties,available,15.98,43.98,medium,low,5,namecheap,,,16/09/2026 20:48
21a1ba38-fce0-4e03-a709-94f726ba185a,thorn.properties,available,6.1,32.21,high,low,5,dynadot,,,28/09/2026 02:10
8aa1ede4-a575-4e82-a9a7-cb3c45aee187,okinawa.properties,premium,102.67,102.67,high,low,7,spaceship,,,30/09/2026 10:39
fb14f6f4-6831-42fa-a511-9a80e35c2cbc,abbeville.properties,available,18.99,39.99,medium,low,9,namesilo,,,30/09/2026 20:53
6bcf7f2d-d2c3-4b84-9a8e-8e9148361e17,deaf.properties,available,10.99,50.99,high,low,4,name.com,,,13/08/2026 19:42
80aa307f-b838-4112-8068-80653ef92ba6,crank.properties,available,10.99,50.99,medium,low,5,name.com,,,13/08/2026 04:51
46fad804-6432-4fb9-af73-81ef4c79996d,saloons.properties,available,18.99,39.99,medium,low,7,namesilo,,,19/09/2026 22:32
2b3e1a58-5cff-4ad0-951e-dc6e42451eb5,hated.properties,available,10.99,50.99,medium,low,5,name.com,,,14/08/2026 04:14
8ef919c0-88e4-48c9-b2a8-8b19b787912e,hiatus.properties,available,18.99,39.99,high,low,6,namesilo,,,16/09/2026 14:09
7a39fa5e-91e3-4f99-9a7f-3144f3a8a88e,less.properties,available,18.99,39.99,high,low,4,namesilo,,,25/09/2026 13:30
357a7181-85d8-4452-8c43-41890d8f9078,impersonal.properties,available,10.99,50.99,medium,low,10,name.com,,,21/08/2026 22:13
d8d34c20-cafc-4eae-99bb-808168946d0c,convictions.properties,available,18.99,39.99,medium,low,11,namesilo,,,29/09/2026 04:50
298dab50-8f54-470a-a060-206fc9a6bfa1,taken.properties,available,18.99,39.99,high,low,5,namesilo,,,25/09/2026 10:20
73a4b255-84c0-4761-acfb-cc75a7d1c0aa,whereabouts.properties,available,10.99,,high,low,11,name.com,,,
6bb03774-9238-456f-a81f-377ed140973a,barmy.properties,available,10.99,50.99,medium,low,5,name.com,,,06/08/2026 20:25
e58897dd-537a-4219-95c5-987d9e6240ee,legge.properties,available,18.99,39.99,medium,low,5,namesilo,,,01/10/2026 22:42
b47b8837-2562-45a0-8a55-1045c6483f55,disjoint.properties,available,10.99,50.99,medium,low,8,name.com,,,14/08/2026 11:09
fde5cebf-67c2-44ee-814e-6f334cc1ab9b,inhouse.properties,available,10.99,,high,low,8,name.com,,,
5734e238-4199-4c40-ad69-a04d48bd8687,billiard.properties,available,10.99,50.99,high,low,8,name.com,,,09/08/2026 21:25
ca8bb7c3-7694-404c-91d1-a2907c91839c,quantized.properties,available,15.98,43.98,medium,low,9,namecheap,,,09/09/2026 07:30
203141f2-aa98-4139-af22-983997d7ade3,launch.properties,resell,,,high,medium,6,"GoDaddy.com, LLC",11/03/2019 20:30,11/03/2027 20:30,30/09/2026 04:29
2d06983b-9892-4bea-95e0-d1641090c74e,nomothetic.properties,available,10.99,50.99,medium,low,10,name.com,,,03/09/2026 18:22
28750ab2-8bd8-4e7e-b088-2335016e51e1,hammond.properties,premium,123.75,123.75,high,low,7,name.com,,,25/09/2026 12:21
af9a15ff-bf9b-48b3-a137-66146374d22d,cyrillic.properties,available,10.99,50.99,medium,low,8,name.com,,,13/08/2026 14:33
93152bcd-02f9-451e-8baf-4b4738ee1b64,dish.properties,available,15.98,43.98,high,low,4,namecheap,,,19/09/2026 08:19
20c884ae-496e-45bf-9a46-a05573d05d84,humorless.properties,available,10.99,50.99,medium,low,9,name.com,,,21/08/2026 15:23
29a3d784-6151-45fb-aad6-ac5c4c681bf7,snare.properties,available,18.99,39.99,high,low,5,namesilo,,,01/10/2026 03:08
868f08cb-4bfc-4a65-a346-d5fcb1ccf1e8,delicately.properties,available,15.98,43.98,medium,low,10,namecheap,,,14/09/2026 11:25
e7fbb31e-bb8b-427c-805a-6367a9e3440b,basil.properties,available,18.99,39.99,high,low,5,namesilo,,,22/09/2026 10:43
e83567b4-a7d6-4cd7-a3e3-0b5317e6926a,himalayan.properties,available,10.99,50.99,high,low,9,name.com,,,21/08/2026 09:25
90e700f2-47be-463a-93b0-e09c4491c577,scrub.properties,available,6.18,31.41,high,low,5,porkbun,,,27/09/2026 18:50
df7ac25f-260d-41b6-8a85-04498be7db4c,leaks.properties,available,18.99,39.99,medium,low,5,namesilo,,,18/09/2026 06:46
b3eb5d58-1e4c-4495-93ab-4d9ef8d52ff8,terrorist.properties,available,18.99,39.99,medium,low,9,namesilo,,,25/09/2026 10:50
f8580d85-9fd6-4509-b153-cbd4f1139512,impeding.properties,available,10.99,50.99,medium,low,8,name.com,,,12/08/2026 11:44
98b3a813-9532-490e-ae17-30296123fd2d,specials.properties,available,14.17,31.25,medium,low,8,spaceship,,,29/09/2026 17:33
d9c5cc78-15e8-4ac7-acf4-a588a3fef1e0,traduce.properties,available,10.99,50.99,medium,low,7,name.com,,,24/08/2026 14:06
8ee02024-fb2f-40e9-97d1-5a46f3f6e020,laterally.properties,available,15.98,43.98,medium,low,9,namecheap,,,15/09/2026 10:56
3aefe998-fa24-43a4-b215-6b2207e91b91,checkers.properties,available,18.99,39.99,high,low,8,namesilo,,,24/09/2026 13:59
49fcd62d-7dfe-4142-88c0-dd9ee4c210d6,guitar.properties,available,15.98,43.98,high,low,6,namecheap,,,29/09/2026 21:44
e2a66c9e-c056-4485-8b03-1e8b25d4921b,aphonic.properties,available,10.99,50.99,medium,low,7,name.com,,,05/08/2026 23:17
8717975d-c347-447d-920b-be95cecbe2a7,thalassic.properties,available,15.98,43.98,medium,low,9,namecheap,,,11/09/2026 12:22
d1c0b153-5af5-4719-90c3-0a1eeb4873a6,supine.properties,available,15.98,43.98,high,low,6,namecheap,,,09/09/2026 15:27
eb057f96-a2bc-48ce-a687-46b852e3fb02,searchable.properties,available,18,,high,low,10,unstoppable,,,30/09/2026 04:15
dc643a2e-05f9-4a02-98cf-69027cc0926b,woe.properties,premium,,,high,low,3,,,,30/09/2026 19:07
12213f16-2fee-44ee-8689-46b0fb6ee15f,racist.properties,available,10.99,50.99,medium,low,6,name.com,,,
baef6dd6-b09b-4538-824f-3f25067ae9b1,ambulant.properties,available,10.99,50.99,medium,low,8,name.com,,,
d15b3749-bb69-4009-8710-581c6fa10805,bleb.properties,available,18.99,39.99,medium,low,4,namesilo,,,24/09/2026 05:21
1417d0d6-b1fc-4960-a328-bc32555dc5d7,compress.properties,available,18,,high,low,8,unstoppable,,,01/10/2026 19:02
1ba83747-c1f0-4c42-b9f6-1bb1421455cd,purity.properties,available,18,,high,low,6,unstoppable,,,28/09/2026 15:09
c43ba235-2de9-4be4-b061-5d13f9efb270,aves.properties,available,15.98,43.98,medium,low,4,namecheap,,,21/09/2026 09:17
1317e5da-2ab8-4ede-89a1-f886352ee338,abuse.properties,premium,242,242,high,low,5,namesilo,,,08/09/2026 12:39
8a9f9eeb-4e4c-406d-aaaa-be74ab073bcd,unshared.properties,available,15.98,43.98,high,low,8,namecheap,,,12/09/2026 19:38
1a327636-01d3-4f3c-976e-601865ca16f0,infestation.properties,available,18.99,39.99,medium,low,11,namesilo,,,02/10/2026 01:54
8ac44351-a8cf-4230-b2b1-807b08301e51,barbette.properties,available,18.99,39.99,medium,low,8,namesilo,,,22/09/2026 04:54
67678dff-8a35-42f9-87d7-c53a4b721eb5,favourite.properties,available,10.99,50.99,high,low,9,name.com,,,13/08/2026 18:17
5a3460c3-45e7-49e8-82a7-9bbc11b7da8a,adverse.properties,available,10.99,50.99,medium,low,7,name.com,,,
35298083-0de2-4d5a-b1cf-4ca9930ea680,piffling.properties,available,10.99,50.99,low,low,8,name.com,,,18/08/2026 03:35
599be104-bfd5-48a8-a6fc-a443f45fe898,fractions.properties,available,18.99,39.99,medium,low,9,namesilo,,,20/09/2026 01:27
a8294168-fd85-437b-98b4-6b3371a6a5f5,tellingly.properties,available,18.99,39.99,medium,low,9,namesilo,,,16/09/2026 08:14
f30909fa-8875-4c27-90a8-c382fe10b2ed,favored.properties,available,15.98,43.98,high,low,7,namecheap,,,22/09/2026 20:01
eaec6766-ea56-4439-a8c1-47b547d83516,aerogramme.properties,available,10.99,50.99,medium,low,10,name.com,,,17/09/2026 13:05
663a0b7a-aaec-4fd9-b20b-4895761527ea,lacking.properties,available,18,,medium,low,7,unstoppable,,,28/09/2026 10:18
d4e18f6d-46e7-4c5b-aa42-d03abb060067,teeth.properties,available,18.99,39.99,high,low,5,namesilo,,,30/09/2026 13:01
463c1081-5dd1-4b04-ad4c-257f9bbd1c28,constraint.properties,available,18.99,39.99,high,low,10,namesilo,,,24/09/2026 17:34
9199cbd9-f049-4aa8-9ad3-4e85ed07da1d,marat.properties,available,14.17,31.25,high,low,5,spaceship,,,02/10/2026 05:28
49a7fb7a-65c0-4cc2-9ce0-2aca3ccbd088,agassiz.properties,available,15.98,43.98,medium,low,7,namecheap,,,17/09/2026 16:23
3eb958d4-2768-4ba7-a8c8-89eeff196303,berra.properties,available,18.99,39.99,medium,low,5,namesilo,,,23/09/2026 10:04
e14d786d-6e87-40ca-8f9a-ec8090b23649,roseville.properties,premium,118.8,118.8,high,low,9,namesilo,,,02/10/2026 01:09
075176b4-d15e-4dbf-b577-1401d6dd4905,belatedly.properties,available,10.99,50.99,medium,low,9,name.com,,,22/08/2026 20:25
968b5a59-c4d7-4625-ade7-3e57c50c5933,crooked.properties,available,10.99,50.99,medium,low,7,name.com,,,13/08/2026 07:51
7f9e5f5a-f15e-4b43-b0c0-b9d13112f0d3,arrests.properties,available,15.98,43.98,medium,low,7,namecheap,,,20/09/2026 19:12
6aa3153a-5afa-473d-bb84-9375b5172424,celebrations.properties,available,15.98,43.98,medium,low,12,namecheap,,,01/10/2026 18:40
56949164-f2bd-4f1c-a5c4-8885607c969f,turret.properties,available,14.17,31.25,high,low,6,spaceship,,,01/10/2026 19:53
6a27b1c8-8381-478f-95b6-622b32e94877,species.properties,available,18.99,39.99,high,low,7,namesilo,,,26/09/2026 00:22
e90d7413-7c7d-40cb-8f90-cb6df380ff10,formic.properties,available,10.99,50.99,medium,low,6,name.com,,,18/08/2026 12:11
61075762-20e1-4e17-a8bb-e291dd7703a7,lifelessly.properties,available,10.99,50.99,low,low,10,name.com,,,13/08/2026 19:35
d0ca3327-9884-413a-914a-497111de44df,tenner.properties,available,18.99,39.99,medium,low,6,namesilo,,,21/09/2026 10:53
82a38691-6972-4f30-9a1e-6a0a24956019,combative.properties,available,10.99,50.99,medium,low,9,name.com,,,
dafc286b-204b-4898-b7fb-7be619e39a71,dominating.properties,available,10.99,50.99,medium,low,10,name.com,,,07/08/2026 19:40
de452ce3-7e5b-43a0-abb7-868fdd013a50,finnish.properties,available,10.99,50.99,high,low,7,name.com,,,18/08/2026 05:03
72f29b1b-f8d1-4647-8c29-2ae05f032bd8,lissome.properties,available,10.99,50.99,medium,low,7,name.com,,,23/08/2026 23:39
36cf1b4a-5730-494f-a73f-48a344bc0c2a,dday.properties,available,18.99,39.99,high,low,5,namesilo,,,16/09/2026 12:39
7f6de5a6-fa68-4855-bd0a-56b4892b53a1,redwing.properties,available,18.99,39.99,high,low,7,namesilo,,,17/09/2026 16:57
2e3cfe8f-4806-417d-a1bf-21394bd13dee,steriliser.properties,available,18.99,39.99,medium,low,10,namesilo,,,21/09/2026 06:06
7be1597c-54c3-4d90-8d14-4e9e9323e97d,clausal.properties,available,10.99,50.99,medium,low,7,name.com,,,12/08/2026 10:00
86c6a463-5c9a-4471-aa64-51978924bb74,cupcake.properties,available,10.99,50.99,high,low,7,name.com,,,24/09/2026 20:16
2a4f8657-3dbd-4c06-b63c-bb7c0700a6c7,ignore.properties,available,14.17,31.25,high,low,6,spaceship,,,27/09/2026 23:32
bc5283f2-04fa-4577-89d9-263cc613f07b,tempra.properties,available,18.99,39.99,medium,low,6,namesilo,,,16/09/2026 23:57
aa522771-32cd-41f6-a88b-6440bd4c15fc,shoddy.properties,available,10.99,50.99,medium,low,6,name.com,,,12/08/2026 03:27
700a290b-5011-4c39-a6ad-ff5c56e93770,arnica.properties,available,18.99,39.99,high,low,6,namesilo,,,20/09/2026 08:11
968468eb-1038-49ba-8dc3-e52ae84bb4a3,zack.properties,available,14.17,31.25,high,low,4,spaceship,,,27/09/2026 18:11
86bfc48c-39f8-4246-82e7-89e5a5803e4c,belloc.properties,available,18.99,39.99,medium,low,6,namesilo,,,23/09/2026 06:16
f4508f46-6466-44ea-a3f6-6fb53263cf39,recent.properties,available,18.99,39.99,high,low,6,namesilo,,,27/09/2026 10:49
35e297af-d5dc-4d09-87ff-c09b0ad5a539,dallas.properties,premium,854,854,high,low,6,namesilo,,,25/09/2026 04:35
6ed6cf83-0bc6-462e-9a09-9e1ee4a1a751,scrubbed.properties,available,30.2,30.2,medium,low,8,cloudflare,,,27/09/2026 18:56
77ad0792-ffea-4d19-8f71-06b7deece045,patriotism.properties,available,6.18,31.41,high,low,10,porkbun,,,30/09/2026 05:24
d74c2505-4ad1-482f-b6d8-91b454e7cae0,micro.properties,available,14.17,31.25,high,medium,5,spaceship,,,28/09/2026 08:21
976dd9e0-8d6c-4fee-a551-c1f85fb26119,sue.properties,premium,68.51,68.51,high,low,3,spaceship,,,28/09/2026 18:04
96b2df3b-bb05-4133-9554-a31d51d0390e,hangs.properties,available,18.99,39.99,low,low,5,namesilo,,,28/09/2026 08:56
a553f730-3847-48e3-9a3e-beda4d62c193,suit.properties,available,15.98,43.98,high,low,4,namecheap,,,24/09/2026 18:58
12a7f96f-21d0-42eb-a368-c1caa7fd020a,graft.properties,available,18.99,39.99,high,low,5,namesilo,,,24/09/2026 10:15
36d08516-5fbe-4dff-a3b9-86aa506b2163,falkland.properties,available,18.99,39.99,medium,low,8,namesilo,,,28/09/2026 12:09
91d92c22-b04a-4d0c-b852-5bae0bec7b7b,chirp.properties,available,18.99,39.99,high,low,5,namesilo,,,24/09/2026 14:08
c874dcf7-7240-4d35-b31f-3d301b414e61,conceptual.properties,available,10.99,50.99,high,low,10,name.com,,,12/08/2026 20:05
e8a13172-bed8-4a43-91b8-dd8a780958cd,aural.properties,available,18.99,39.99,high,low,5,namesilo,,,22/09/2026 12:49
49237aeb-05bb-4eb3-914f-726624265019,cataloging.properties,available,15.98,43.98,high,low,10,namecheap,,,02/10/2026 02:32
e331e811-b7f0-4ef6-8805-481eeebd4f7e,mercuric.properties,available,10.99,50.99,medium,low,8,name.com,,,24/08/2026 20:40
a43ca816-f90a-4549-95d6-b09138904df5,mentality.properties,available,18,,high,low,9,unstoppable,,,29/09/2026 06:09
aa5717a1-7ffd-456a-bb3b-e07ed61b5bec,kelso.properties,available,18.99,39.99,medium,low,5,namesilo,,,29/09/2026 22:10
bd013b70-0da9-4317-aa14-34af5a8cf071,allowed.properties,available,6.1,32.21,high,low,7,dynadot,,,01/10/2026 19:03
cf36eb9b-0811-4d47-838d-6ded598ecfc2,horatio.properties,available,18.99,39.99,medium,low,7,namesilo,,,28/09/2026 00:17
45f02e05-9980-468c-8d60-7125ad10379e,moderation.properties,available,6.1,32.21,high,low,10,dynadot,,,29/09/2026 17:29
35a20ef9-7767-4331-9bc7-828a1fda5d6e,liquids.properties,available,18,,medium,low,7,unstoppable,,,01/10/2026 14:18
9861eb0e-83b8-4be8-9266-88446ee1b466,kassel.properties,available,30.2,30.2,high,low,6,cloudflare,,,29/09/2026 22:13
68689b7d-cb60-4390-b70a-0e24b20f6a11,prefectures.properties,available,14.17,31.25,medium,low,11,spaceship,,,30/09/2026 16:16
4760af49-b3d3-47c0-af55-aab7e0a632c5,lindsey.properties,available,15.98,43.98,high,low,7,namecheap,,,25/09/2026 19:35
64fbea70-84bf-432a-9eb6-07910d4db41b,planner.properties,available,15.98,43.98,high,low,7,namecheap,,,24/09/2026 17:52
e18b9e85-4bdd-47b0-aa8b-6c1b8345b60d,engine.properties,available,6.18,31.41,high,low,6,porkbun,,,30/09/2026 16:04
40d49a44-835c-4a9c-9a30-c2cc1569542f,miraculous.properties,available,10.99,50.99,high,low,10,name.com,,,21/08/2026 02:29
cece9d14-28df-4436-bf42-408b08b9311c,validly.properties,available,15.98,43.98,medium,low,7,namecheap,,,16/09/2026 10:42
eb4abd9e-33f1-4120-85c0-281f3d201dbc,polypropylene.properties,available,30.2,30.2,medium,low,13,cloudflare,,,30/09/2026 23:16
77125a83-2b67-43dc-b8ca-c394a4145c43,factorial.properties,available,10.99,50.99,high,low,9,name.com,,,17/08/2026 20:29
e2e68921-0154-4648-b582-c58902f361c3,recherche.properties,available,15.98,43.98,high,low,9,namecheap,,,09/09/2026 11:27
9158662c-4f70-4630-86a5-91778ed1aa9b,resonance.properties,available,30.2,30.2,high,medium,9,cloudflare,,,01/10/2026 21:17
9772d793-280a-4075-8a00-e732d89a97db,radios.properties,available,18.99,39.99,medium,low,6,namesilo,,,18/09/2026 23:09
704819ea-2371-454d-806b-9d593ed2075b,argon.properties,available,18.99,39.99,high,low,5,namesilo,,,19/09/2026 23:19
de6bdb48-e5aa-432e-9524-76d16d87ae6b,avens.properties,available,18.99,39.99,medium,low,5,namesilo,,,21/09/2026 09:03
c6960c24-5463-4144-902d-f744d87d5929,changeling.properties,available,10.99,50.99,medium,low,10,name.com,,,21/08/2026 20:30
c74c12f1-a779-423d-9ff9-90a57102813e,reserves.properties,available,15.98,43.98,high,low,8,namecheap,,,29/09/2026 13:26
0a676e6e-0011-4f5c-a49b-138fa258a0da,aggression.properties,available,18.99,39.99,medium,low,10,namesilo,,,17/09/2026 17:29
5481e34c-148f-4177-8952-65f5d643fbe8,technol.properties,available,18,,medium,low,7,unstoppable,,,30/09/2026 06:44
f908e119-d548-415e-a31c-01fbd5586527,resister.properties,available,18.99,39.99,medium,low,8,namesilo,,,17/09/2026 10:48
541439c1-ff25-425e-a6af-119685618cd2,acromegaly.properties,available,18.99,39.99,medium,low,10,namesilo,,,17/09/2026 03:48
34b25d3d-7a74-4d45-84cf-b0ad6bf2b292,thermionic.properties,available,15.98,43.98,medium,low,10,namecheap,,,11/09/2026 12:56
5aa8e89d-9b15-4755-9517-46cb01d07869,unknown.properties,available,15.98,43.98,high,low,7,namecheap,,,03/09/2026 12:55
681c64ab-3f29-4c25-bd66-2a382e88e47b,latent.properties,available,10.99,50.99,high,low,6,name.com,,,22/08/2026 20:30
6cf28009-8af7-4426-8f5a-abc9d8e7e2ba,interruption.properties,available,30.2,30.2,medium,low,12,cloudflare,,,29/09/2026 15:58
a2039346-8eb1-4a3a-9f69-3d1cef159f10,retreated.properties,available,14.17,31.25,high,low,9,spaceship,,,30/09/2026 02:43
bd7944f2-8d53-42f0-80d1-db86c003f94a,naif.properties,available,15.98,43.98,medium,low,4,namecheap,,,03/09/2026 12:52
11c2926e-78da-4358-8b61-d17a255d834c,cartridges.properties,available,18.99,39.99,medium,low,10,namesilo,,,30/09/2026 16:02
9fccd775-a779-4a85-8608-d187e76fc210,irreverent.properties,available,10.99,50.99,medium,low,10,name.com,,,20/08/2026 16:04
a89f5a08-0a77-44ec-a8af-638f332b2e47,virginia.properties,premium,854,854,high,low,8,namesilo,,,25/09/2026 09:38
ce084c3d-dc72-4dc5-a7ae-f0ab18444f3a,comet.properties,available,18,,high,low,5,unstoppable,,,29/09/2026 00:28
a2469f1c-ad4b-4db5-946f-0eecfa88008a,condemn.properties,available,14.17,31.25,medium,low,7,spaceship,,,30/09/2026 10:53
b9e00e68-516d-417b-9b49-52f391ac510f,meade.properties,available,18.99,39.99,high,low,5,namesilo,,,27/09/2026 04:12
fbcf6bef-fce3-4f80-9cd0-b2f739897bed,nutrients.properties,available,18.99,39.99,medium,low,9,namesilo,,,21/09/2026 00:14
6f8a0d48-b2b1-40d6-9ed9-9a6617ee201b,dutiful.properties,available,10.99,50.99,high,low,7,name.com,,,14/08/2026 21:39
787dad5c-6ff8-4689-bb92-80f9342e478f,permanently.properties,available,6.18,31.41,medium,low,11,porkbun,,,28/09/2026 07:19
114415cf-4ce5-4d36-8fdf-5866b90d7b12,blackthorn.properties,available,18.99,39.99,medium,low,10,namesilo,,,24/09/2026 03:10
cb815346-a05e-4dba-9e89-2c82cc51f917,shrink.properties,available,13.99,59.99,high,low,6,godaddy,,,28/09/2026 01:56
98e8cb12-d768-42d0-a99e-5f1a2c2a3d2b,unoccupied.properties,available,15.98,43.98,medium,low,10,namecheap,,,12/09/2026 16:09
d8dce1ff-ada0-4089-b866-7f2a25907e9f,sneezing.properties,available,18.99,39.99,medium,low,8,namesilo,,,30/09/2026 11:18
4f3790f8-99b9-4c44-97e3-89083a83e34c,elgar.properties,available,18,,medium,low,5,unstoppable,,,30/09/2026 17:08
702906a9-b87b-4197-8f4b-54069435f8a9,polyglot.properties,available,15.98,43.98,high,low,8,namecheap,,,08/09/2026 23:17
711f043e-28bc-476a-a16f-cf84b13b381d,managing.properties,premium,118.8,118.8,high,low,8,namesilo,,,01/10/2026 22:31
4e399fb5-ba54-4e1f-a6e5-70e149e2dc3c,bankruptcy.properties,available,18.99,39.99,high,low,10,namesilo,,,22/09/2026 02:50
610a8ac8-f2be-4c84-85fb-85c097c28840,unstrung.properties,available,15.98,43.98,medium,low,8,namecheap,,,12/09/2026 20:39
e9d9e805-9d40-43bd-93a7-8fd0807e3614,discouraged.properties,available,18.99,39.99,medium,low,11,namesilo,,,29/09/2026 14:36
c1f68729-acaf-4b04-b7ab-e39332993ec0,karlsruhe.properties,available,6.1,32.21,medium,low,9,dynadot,,,28/09/2026 12:19
38f9a7c9-9133-4dcc-8230-e3431de4c321,xxxv.properties,available,10.99,50.99,medium,low,4,name.com,,,
3dba7c4c-d812-4959-8baf-4c27bef5f4a3,identities.properties,available,18,,medium,low,10,unstoppable,,,29/09/2026 17:14
35068f2c-58ed-4cdb-863f-e4b1e039b31c,taoism.properties,available,6.18,31.41,medium,low,6,porkbun,,,30/09/2026 16:55
19be6775-3f8b-499e-857f-0a7765bd746c,dizzy.properties,available,10.99,50.99,high,low,5,name.com,,,
4d2bf6f3-ce51-4b4a-9393-6b5ceb49a32c,kilo.properties,available,6.1,32.21,high,low,4,dynadot,,,30/09/2026 01:16
40995511-73f4-4893-bbbc-7d8e169d1a6d,postural.properties,available,15.98,43.98,medium,low,8,namecheap,,,09/09/2026 00:40
550fb900-02f5-40c5-9e4e-3736b8afe9b0,slapping.properties,available,18.99,39.99,medium,low,8,namesilo,,,01/10/2026 06:01
6c4eaaf6-43db-4cb2-900e-2d7a5afae8e4,organizations.properties,available,10.99,,medium,low,13,name.com,,,
198ad373-a377-4752-8c7c-9136a36349b7,astarte.properties,available,18.99,39.99,medium,low,7,namesilo,,,20/09/2026 14:01
fe2835f9-9fcc-440f-8972-5b7c959d1c7e,cod.properties,premium,85.8,85.8,high,low,3,namecheap,,,23/09/2026 14:56
3ded2ac5-1ab9-436f-b43f-c3493eb875d9,delirium.properties,available,15.98,43.98,high,low,8,namecheap,,,24/09/2026 21:40
1db21900-9286-44c9-b838-be794b600639,mahler.properties,available,18.99,39.99,medium,low,6,namesilo,,,29/09/2026 01:10
0f4cfb43-95f8-4cb6-904a-c02616d3571f,foiling.properties,available,15.98,43.98,medium,low,7,namecheap,,,11/09/2026 15:16
63095a30-c71a-4634-81a9-4440867e9323,etiquette.properties,available,6.18,31.41,high,low,9,porkbun,,,29/09/2026 18:48
c245f7b1-f250-4ce7-adfd-7f461a2b59a0,oaxaca.properties,available,14.17,31.25,high,low,6,spaceship,,,28/09/2026 06:30
75e92fd2-335c-4e60-b62f-48f33c034039,acth.properties,available,18.99,39.99,medium,low,4,namesilo,,,17/09/2026 04:25
ee3ee5a6-0a45-4340-9618-dbd5452b17fa,higgs.properties,available,30.2,30.2,high,low,5,cloudflare,,,29/09/2026 14:20
0e9bccde-3b8f-43ca-8f67-5ac3d28fb15d,colorfast.properties,available,10.99,50.99,medium,low,9,name.com,,,12/08/2026 17:50
892af012-a50b-489f-ac56-9bd4eabbd297,adverbs.properties,available,15.98,43.98,medium,low,7,namecheap,,,18/09/2026 21:42
ce982af4-f2c4-411a-a45f-9b585e0b0ca4,pakistani.properties,premium,118.8,118.8,high,low,9,namesilo,,,04/09/2026 23:13
7449bfa0-eb45-435f-ac48-6a35b4563437,spectacles.properties,available,18,,high,low,10,unstoppable,,,02/10/2026 04:47
a60a9dba-75f8-4921-831a-eb4b85ceb24e,knapsack.properties,available,18.99,39.99,high,low,8,namesilo,,,21/09/2026 14:39
d28a58d4-20b2-4cfc-a120-388a9737d0f5,jammed.properties,available,10.99,50.99,medium,low,6,name.com,,,22/08/2026 12:07
f3d5c82e-2cf9-417f-9a26-b7938a7fc2f9,acad.properties,available,30.2,30.2,high,low,4,cloudflare,,,29/09/2026 10:57
f87003eb-9db4-4d76-84ec-33119fa86b4f,billion.properties,available,15.98,43.98,high,low,7,namecheap,,,22/09/2026 20:43
f20de70c-b36f-4f16-ac04-1986973923e7,stamped.properties,available,18.99,39.99,medium,low,7,namesilo,,,30/09/2026 14:58
f82247c0-c277-4769-a357-6de79b0426cc,moved.properties,available,14.17,31.25,high,low,5,spaceship,,,01/10/2026 19:16
fb4d05d0-63db-4227-894f-ae01a755079f,declared.properties,available,10.99,50.99,medium,low,8,name.com,,,13/08/2026 21:46
93c49a90-5976-4784-9211-dbdd7e5867a4,pray.properties,available,18,,high,low,4,unstoppable,,,30/09/2026 15:41
afd1775b-7972-4625-bdd9-f3856c1ce5aa,blake.properties,available,15.98,43.98,high,low,5,namecheap,,,24/09/2026 03:45
7740b12a-5f72-43ac-82b3-e4e9b2c1a8f5,dopey.properties,available,10.99,50.99,medium,low,5,name.com,,,14/08/2026 16:04
8e25c3f1-91ff-4bb9-8171-0764187b439c,beetroot.properties,available,18.99,39.99,high,low,8,namesilo,,,23/09/2026 01:58
a2f8d675-b2e9-47c2-a323-bb62982238c5,rome.properties,premium,242,242,high,low,4,namesilo,,,25/09/2026 03:56
24279044-004d-4289-afb4-cde38a6fd0a0,machining.properties,available,18.99,39.99,medium,low,9,namesilo,,,29/09/2026 03:26
ec1805ad-112e-44a8-95c5-9fa402388ae3,delphi.properties,available,30.2,30.2,high,low,6,cloudflare,,,28/09/2026 09:31
f321fa57-83e4-4951-ac23-5b7375336b25,taught.properties,available,18.99,39.99,medium,low,6,namesilo,,,27/09/2026 02:04
ae0e3a14-e4f4-4f85-837b-767294f9855d,measures.properties,available,18,,medium,low,8,unstoppable,,,28/09/2026 08:34
87d6b504-6bde-4aee-bd7d-71502a5a0a7b,aright.properties,available,15.98,43.98,high,low,6,namecheap,,,13/09/2026 20:49
9dff022f-6e43-4ddd-8ffa-ea50db4d601b,guadalajara.properties,premium,118.8,118.8,medium,low,11,namesilo,,,28/09/2026 07:53
c9bc44f4-f133-46dc-b7ce-656453ea4ac3,quotidian.properties,available,10.99,50.99,medium,low,9,name.com,,,17/08/2026 14:57
da7e8f3a-e37e-4e68-b2e9-4617b1c40e16,perhaps.properties,available,18,,high,low,7,unstoppable,,,28/09/2026 16:16
79f96a72-9204-4ff3-b291-0e3536f8203d,visas.properties,available,18.99,39.99,medium,low,5,namesilo,,,02/10/2026 03:24
6305a655-11a9-4334-97a8-de317db66b1c,yucky.properties,available,10.99,50.99,medium,low,5,name.com,,,14/08/2026 10:51
29fb051d-55fb-49db-9856-a5b465345997,boys.properties,available,15.98,43.98,high,low,4,namecheap,,,25/09/2026 17:34
171a41e7-0919-4292-9beb-2561e7f09b49,gaussian.properties,available,10.99,50.99,high,low,8,name.com,,,18/08/2026 20:52
428773f6-e555-4388-abbd-667645513ea3,barracks.properties,available,18.99,39.99,high,low,8,namesilo,,,28/09/2026 13:08
76dbc1e8-4cec-4094-9f72-06abc930a26b,citric.properties,available,10.99,50.99,medium,low,6,name.com,,,12/08/2026 08:54
c335bdde-ffde-4933-bedf-08295b417304,acetum.properties,available,18.99,39.99,medium,low,6,namesilo,,,17/09/2026 00:18
304d5727-cf63-481f-b113-c2a75542b6e8,memorable.properties,available,15.98,43.98,high,low,9,namecheap,,,25/09/2026 19:29
2b22d1ac-6116-4dfa-a5f3-5805e1b06554,exorcism.properties,available,18.99,39.99,medium,low,8,namesilo,,,02/10/2026 04:46
2eeec5f4-6c38-4aa8-8c60-60a21aaaf7cd,exhibiting.properties,available,18.99,39.99,medium,low,10,namesilo,,,02/10/2026 02:10
45300238-e783-402b-9e07-c313edc122ff,boon.properties,available,18,50.99,high,low,4,unstoppable,,,28/09/2026 07:47
3f6af8ed-d673-439c-a283-f6c4cc1bffa8,mortals.properties,available,15.98,43.98,medium,low,7,namecheap,,,02/10/2026 02:11
c4d0947c-e91e-434f-85e1-157f4c171e09,garage.properties,available,15.98,43.98,high,medium,6,namecheap,,,29/09/2026 20:41
07b623f2-d1ee-47ce-b3be-b6532725c864,athanasius.properties,available,15.98,43.98,medium,low,10,namecheap,,,20/09/2026 20:26
e3ddfbc8-c10f-4ea1-82ca-aaa2d63c9b7e,bigram.properties,available,18.99,39.99,medium,low,6,namesilo,,,23/09/2026 15:24
3e3f4edf-ca16-4985-97ee-3972907a563b,balas.properties,available,15.98,43.98,medium,low,5,namecheap,,,21/09/2026 21:07
6c411fe2-1fe4-41e4-ac9b-7f4e5fa1d8b3,breda.properties,available,14.17,31.25,medium,low,5,spaceship,,,30/09/2026 21:05
d22800b6-5652-4b76-b7c2-d201cbfb2580,rochelle.properties,available,18.99,39.99,medium,low,8,namesilo,,,28/09/2026 22:08
5cd567a3-5e17-4444-9be0-f4c9b787e1d5,busch.properties,available,18.99,39.99,medium,low,5,namesilo,,,27/09/2026 03:12
75aa2d89-5a46-4362-936d-fe095bb05852,scalar.properties,available,15.98,43.98,high,low,6,namecheap,,,09/09/2026 22:16
7cf98bee-9c14-441c-9406-b56af96a2781,beheading.properties,available,15.98,43.98,medium,low,9,namecheap,,,23/09/2026 03:20
372f2e88-0f15-4470-9a8b-35ee8d285279,breads.properties,available,18.99,39.99,medium,low,6,namesilo,,,18/09/2026 04:07
660dd775-c00c-46b6-96cd-f23a977436a0,disrespect.properties,available,18,,high,low,10,unstoppable,,,29/09/2026 15:36
45d1744d-b445-4e26-a080-301af177f43c,ann.properties,available,6.1,32.21,high,low,3,dynadot,,,01/10/2026 09:27
6f1999c4-45ff-413a-8ab5-c68edde8e343,fellowing.properties,available,15.98,43.98,medium,low,9,namecheap,,,20/09/2026 20:26
a4f2388e-63c9-47be-9359-cc9c2de32949,texting.properties,available,15.98,43.98,high,low,7,namecheap,,,17/09/2026 10:22
68bc2dc0-2096-4fe2-a135-bdbf99f2e5b3,scanning.properties,available,30.2,30.2,high,low,8,cloudflare,,,28/09/2026 15:18
a0e3c17e-2960-4ab4-a014-f66b304c11c6,horns.properties,available,15.98,43.98,medium,low,5,namecheap,,,17/09/2026 08:11
d9eafc34-a4d4-495b-b426-0b02cbe401c8,monument.properties,available,14.17,31.25,high,low,8,spaceship,,,28/09/2026 14:54
d9c41858-663a-4135-a4dd-c06260751e01,textual.properties,available,15.98,43.98,high,low,7,namecheap,,,11/09/2026 12:20
d9e46302-cbd0-4ece-823b-1da64e6dd18a,gyp.properties,available,15.98,43.98,medium,low,3,namecheap,,,14/09/2026 08:05
8d585b8e-a896-4e31-bb1a-a079912c3bb7,fayette.properties,available,14.17,31.25,medium,low,7,spaceship,,,27/09/2026 20:20
e370a997-7854-4557-b316-f22f8cb38b28,bassine.properties,available,18.99,39.99,medium,low,7,namesilo,,,22/09/2026 12:22
43102253-b93d-4fd7-8eae-4ea579ced2f1,filets.properties,available,18.99,39.99,medium,low,6,namesilo,,,20/09/2026 11:33
86b49b58-21f3-4ec2-b937-78c77ed6299c,hens.properties,available,30.2,30.2,medium,low,4,cloudflare,,,01/10/2026 18:16
d3e84f74-8871-47f0-99f2-4665a462944e,olof.properties,available,14.17,31.25,medium,low,4,spaceship,,,02/10/2026 00:16
db334bfa-befc-4884-b965-fd1ba80e440a,anointing.properties,available,18.99,39.99,medium,low,9,namesilo,,,19/09/2026 11:19
d7cdcdbb-5ba6-4f8c-9fee-f13dcfc248da,uncomfortably.properties,available,18,,medium,low,13,unstoppable,,,01/10/2026 19:39
a4c690ef-73dc-4308-981e-a54d917177c8,commercially.properties,available,30.2,30.2,medium,low,12,cloudflare,,,01/10/2026 21:28
0e991f69-917e-42ed-976f-ddfd3e1489b1,italic.properties,available,10.99,50.99,high,low,6,name.com,,,22/08/2026 11:37
201c6e2f-7a7e-400d-9b6b-955bc76c80ee,insomniac.properties,available,10.99,50.99,high,low,9,name.com,,,22/08/2026 07:22
6ac82175-4757-4892-9a3a-17fde3bfbd5a,routinely.properties,available,10.99,50.99,medium,low,9,name.com,,,16/09/2026 00:11
b1c57553-c9e9-4c42-9136-1165188aa6fe,tubal.properties,available,15.98,43.98,medium,low,5,namecheap,,,11/09/2026 20:53
ee8731e8-e33e-4c72-82af-5e67d49b7cc9,mammal.properties,available,10.99,50.99,high,low,6,name.com,,,24/08/2026 14:21
ac5bf621-7d80-4103-901a-ab11da27cc02,multilevel.properties,available,15.98,43.98,medium,low,10,namecheap,,,03/09/2026 10:46
8e6a050b-0d87-4434-b3c5-6e8e0934fd39,nookie.properties,available,10.99,50.99,medium,low,6,name.com,,,18/08/2026 17:31
6607f5bc-3516-437e-bffa-c8f58e790eed,sushi.properties,available,18,,high,low,5,unstoppable,,,30/09/2026 12:37
f76ec04f-4b51-4bcf-b8c0-b068eea612aa,bolshevik.properties,available,10.99,50.99,high,low,9,name.com,,,10/08/2026 17:50
d580af7a-d87c-4b9d-9386-50ae525909eb,projecting.properties,available,10.99,50.99,high,low,10,name.com,,,22/08/2026 14:48
3512de97-5902-41ca-9e3d-5d80011a57f6,asses.properties,available,30.2,30.2,medium,low,5,cloudflare,,,30/09/2026 15:16
35df99f0-2bdd-4592-9d92-9c4f211db902,keeping.properties,available,14.17,31.25,high,low,7,spaceship,,,29/09/2026 22:54
11a56904-e78c-4cf7-ac20-738335e08a94,bodied.properties,available,10.99,50.99,medium,low,6,name.com,,,10/08/2026 16:44
8ac3b334-15f5-4bb8-b142-b5896f889205,critically.properties,available,14.17,31.25,medium,low,10,spaceship,,,28/09/2026 14:26
f7eb4e4d-2b4b-462a-b874-e6ee5c8b349d,maureen.properties,available,14.17,31.25,medium,low,7,spaceship,,,27/09/2026 19:11
8f0eb858-d5df-4275-86f2-64bc25d0fa74,enzo.properties,available,14.17,31.25,high,low,4,spaceship,,,30/09/2026 21:18
62839585-ea9e-4c62-8e3e-7ccd35cc3014,liked.properties,available,15.98,43.98,high,low,5,namecheap,,,25/09/2026 13:43
f5a34aaa-f4f8-4409-a9cd-3a63ad9df3bf,ripon.properties,available,14.17,31.25,high,low,5,spaceship,,,29/09/2026 16:21
9ab8f001-94d7-4b73-962d-fa9581ded10b,banter.properties,available,15.98,43.98,high,low,6,namecheap,,,28/09/2026 07:57
fc981844-d3a6-401c-828b-c8de3520b32c,age.properties,premium,78.54,78.54,high,low,3,namesilo,,,19/09/2026 07:13
efa15ff4-308a-44a8-bd40-3c52ea6f48e1,unpolished.properties,available,10.99,50.99,medium,low,10,name.com,,,18/08/2026 20:45
9bae5606-9508-4244-8c01-52b2e87a5d5a,bragg.properties,available,18.99,39.99,medium,low,5,namesilo,,,25/09/2026 21:58
865ba0b8-49bb-4b2f-8e41-5e44e5a2a4e9,alcohol.properties,available,15.98,43.98,high,low,7,namecheap,,,25/09/2026 10:44
0d845bae-09ee-4bac-9b5c-b981d91edae0,paola.properties,available,18.99,39.99,high,low,5,namesilo,,,30/09/2026 15:17
73a211a4-61f8-4aba-800b-51190715a929,althaea.properties,available,15.98,43.98,medium,low,7,namecheap,,,18/09/2026 14:53
2901e0df-73d3-41c9-b5ca-4f6c40145b69,agama.properties,available,18.99,39.99,medium,low,5,namesilo,,,17/09/2026 16:05
44405ebe-4ba0-4b20-9598-d10ef5356708,keats.properties,available,18.99,39.99,high,low,5,namesilo,,,02/10/2026 05:31
235f253b-81b1-45a9-93ae-2ce1f58a6bfd,seems.properties,available,18.99,39.99,medium,low,5,namesilo,,,18/09/2026 01:08
23292294-5ae9-4d5c-a0c1-29bc0a0e1c65,freelance.properties,available,10.99,50.99,high,low,9,name.com,,,18/08/2026 14:37
9670a489-bc1e-4b8c-b7bf-394c179021f3,lacklustre.properties,available,10.99,50.99,medium,low,10,name.com,,,22/08/2026 18:09
f4a55791-af74-4fab-94e0-c52e85beb6b5,consumption.properties,available,10.99,,high,low,11,name.com,,,
7b70def1-f14b-4128-93ea-b1549261ac82,cloud.properties,premium,102.67,102.67,high,medium,5,spaceship,,,30/09/2026 20:46
87a3ee1a-19b9-458a-9dc0-b6f23a4a8a47,vladivostok.properties,available,14.17,31.25,high,low,11,spaceship,,,29/09/2026 15:13
5b0b4f24-db35-4952-ba2d-e697d691575c,biome.properties,available,15.98,43.98,high,low,5,namecheap,,,23/09/2026 18:30
dd58afa9-ba64-4396-a431-4b0b5d940a9c,proposing.properties,available,14.17,31.25,low,low,9,spaceship,,,28/09/2026 22:53
9821c9a6-8774-4460-8d4b-eca327547c7b,keychains.properties,available,15.98,43.98,medium,low,9,namecheap,,,21/09/2026 02:44
b644b0d6-7f16-4938-8d6c-edc494c6da7b,extinction.properties,available,14.17,31.25,high,low,10,spaceship,,,29/09/2026 13:38
e2db95c6-324e-472b-a260-65a9de361044,patrons.properties,available,14.17,31.25,medium,low,7,spaceship,,,30/09/2026 14:47
8c04fafb-b4eb-475d-a5b4-8f1a8ef16d71,discoverer.properties,available,15.98,43.98,high,low,10,namecheap,,,20/09/2026 11:37
a77dae90-da23-4a61-8f71-83decb41aa1a,toothsome.properties,available,10.99,50.99,medium,low,9,name.com,,,14/08/2026 00:24
20a074a3-0474-48f5-ad48-6ee1a1aa04ab,pervasive.properties,available,15.98,43.98,high,low,9,namecheap,,,08/09/2026 17:44
d705059e-0d8a-4192-83c4-e970df3cb641,filtering.properties,available,18,,high,low,9,unstoppable,,,30/09/2026 23:23
843e5de4-7154-4b81-b695-f92f29e286f3,itt.properties,available,15.98,43.98,medium,low,3,namecheap,,,29/09/2026 14:54
f1c7a5e7-4739-4ec0-8587-b01d5cc02b88,windy.properties,available,18.99,39.99,high,low,5,namesilo,,,22/09/2026 22:44
4212bff0-b48c-4a72-aad1-79da190d6b2b,following.properties,available,10.99,50.99,high,low,9,name.com,,,18/08/2026 10:22
ad9ff661-26a1-4db0-a4a5-b5802ed3c672,unladylike.properties,available,15.98,43.98,medium,low,10,namecheap,,,12/09/2026 14:39
a4d3bd89-d97f-4697-aa07-2894a0b4ec68,blab.properties,available,18.99,39.99,high,low,4,namesilo,,,23/09/2026 23:33
802f0a6e-7b06-44d0-8b27-1779532101b0,raf.properties,available,15.98,43.98,high,low,3,namecheap,,,27/09/2026 05:07
bb6fca61-7ae4-4a25-85ee-23b28dda81f3,babbitt.properties,available,15.98,43.98,medium,low,7,namecheap,,,21/09/2026 12:17
40023638-a50b-4af7-ad9c-967739e83e55,florio.properties,available,18.99,39.99,high,low,6,namesilo,,,01/10/2026 19:36
7e123a55-8fbe-4f7d-81bb-1a6f5e2aa1d3,verboten.properties,available,10.99,50.99,medium,low,8,name.com,,,18/08/2026 11:06
da70c9b8-4500-4abc-b19a-bb278eaecfbe,invasion.properties,available,30.2,30.2,high,low,8,cloudflare,,,27/09/2026 13:26
4de6e914-a13f-4323-b88f-e57029a96f36,attentions.properties,available,15.98,43.98,medium,low,10,namecheap,,,19/09/2026 21:27
06f9d10b-d9ad-44a0-96b9-ee7c22967a41,spawn.properties,available,18.99,39.99,high,low,5,namesilo,,,30/09/2026 00:52
4ac2de88-da29-4369-b06e-acbe91f56ad0,stubborn.properties,available,15.98,43.98,high,low,8,namecheap,,,25/09/2026 23:51
d6c7aee2-80b2-4ebc-89e4-ec9386934530,fundamentalism.properties,available,10.99,,medium,low,14,name.com,,,
fd3ba021-2fc3-4bd3-8700-ea239532c151,selfworth.properties,available,18,,high,low,10,unstoppable,,,29/09/2026 14:57
2827b119-0e38-4448-b32c-9b885a55a89d,pseudo.properties,available,15.98,43.98,high,low,6,namecheap,,,09/09/2026 04:56
d5437b4b-6346-41bc-80c9-845da7b599e9,descendants.properties,available,18.99,39.99,high,low,11,namesilo,,,30/09/2026 22:55
1ae67189-bbc4-4b6e-a266-ed06cd316436,starchy.properties,available,10.99,50.99,medium,low,7,name.com,,,11/08/2026 07:29
768784c1-22ee-401c-8afd-a2c7d8e7d371,trouper.properties,available,15.98,43.98,medium,low,7,namecheap,,,22/09/2026 06:54
39151050-b401-4227-a6be-9b39e38de3bb,rectangle.properties,available,14.17,31.25,high,low,9,spaceship,,,30/09/2026 09:22
2ee3a87f-d0d5-431f-be2d-2fca81953117,plains.properties,available,30.2,30.2,high,low,6,cloudflare,,,29/09/2026 09:36
df9d5fd2-443a-4324-8d11-f2aec89268c9,politics.properties,available,15.98,43.98,high,low,8,namecheap,,,27/09/2026 05:03
79186bbe-93e4-4015-949a-f3471478e41f,isoclinic.properties,available,10.99,50.99,medium,low,9,name.com,,,22/08/2026 11:02
eef83e2e-a8cd-4539-a846-ae72ee8155e9,motional.properties,available,10.99,50.99,medium,low,8,name.com,,,25/08/2026 07:22
d148d3e4-28f4-4874-b613-a522b6b0b49e,nonexistent.properties,available,18.99,39.99,medium,low,12,namesilo,,,01/10/2026 14:01
ba023781-be27-4c3d-82a0-13fc9d9874ad,lupin.properties,available,10.99,50.99,high,low,5,name.com,,,24/08/2026 11:41
f667e6c8-8923-428b-8944-71679fd15309,nca.properties,available,18,,high,low,3,unstoppable,,,02/10/2026 00:32
d1aeb789-32b4-41ad-9ede-78ee3691069a,exceptionally.properties,available,14.17,31.25,medium,low,13,spaceship,,,29/09/2026 03:12
736932f5-1ea1-4ca8-be8a-df66de612126,unfretted.properties,available,15.98,43.98,medium,low,9,namecheap,,,12/09/2026 10:45
116fbcd7-08da-4c2a-b19e-815ddd6a9d44,contractions.properties,available,14.17,31.25,medium,low,12,spaceship,,,01/10/2026 16:01
2fcbe7d3-389e-4997-b787-7a1f26fdb7bb,possibly.properties,available,14.17,31.25,medium,low,8,spaceship,,,28/09/2026 16:14
41e9b278-90ed-4284-8b02-ce865b407147,bowling.properties,available,18.99,39.99,high,low,7,namesilo,,,27/09/2026 03:22
78bb1906-a754-47e0-ad5c-49d54d572aed,tricolor.properties,available,15.98,43.98,medium,low,8,namecheap,,,11/09/2026 19:26
ea250038-23eb-43b9-83df-04f7257aa2f8,pip.properties,premium,78.54,78.54,high,low,3,namesilo,,,13/09/2026 13:22
af5724b5-0d09-458d-8735-143956f0a6c7,vindicated.properties,available,15.98,43.98,high,low,10,namecheap,,,08/09/2026 05:23
370268b7-07ee-4b3a-a90a-0975f27ae2f1,dandily.properties,available,15.98,43.98,medium,low,7,namecheap,,,14/09/2026 10:33
3a08376b-dcc1-4211-9ccd-a3bd4404d308,percipient.properties,available,15.98,43.98,high,low,10,namecheap,,,08/09/2026 16:17
1108fcb7-0518-4d9b-8bb3-dddaf4557c3c,venomous.properties,available,15.98,43.98,medium,low,8,namecheap,,,13/09/2026 02:08
6ecdc990-c300-4bff-a266-65d92f236033,abutter.properties,available,15.98,43.98,high,low,7,namecheap,,,16/09/2026 19:36
d3c55e10-0302-484f-949d-01c0a2551fc4,slashing.properties,available,15.98,43.98,medium,low,8,namecheap,,,10/09/2026 10:08
526da5c7-5e19-4047-852e-f8e0243da3b4,erotically.properties,available,15.98,43.98,medium,low,10,namecheap,,,14/09/2026 15:58
1fce992c-9755-4d30-a2fc-4aeec5070d9b,orphans.properties,available,18,,low,low,7,unstoppable,,,28/09/2026 18:19
117b440a-afe0-4f54-823e-6582caca7f83,endorsed.properties,available,14.17,31.25,high,low,8,spaceship,,,30/09/2026 23:31
3b49fe9a-068c-404e-a0ee-4fb261f8b9fe,librarian.properties,available,18.99,39.99,high,low,9,namesilo,,,23/09/2026 12:54
301b2a3e-6904-4735-8616-b172e05d17ca,serve.properties,available,14.17,31.25,high,low,5,spaceship,,,29/09/2026 15:49
481b732d-0de2-4597-b10d-982eb7881fb9,suffice.properties,available,18.99,39.99,high,low,7,namesilo,,,01/10/2026 22:14
aff47bee-ea03-4a46-9fcf-0d34f00c0bf4,reviews.properties,premium,200.5,,high,low,7,unstoppable,,,28/09/2026 23:12
65485062-d27e-410b-a26c-0d310ef251a1,zygoma.properties,available,15.98,43.98,medium,low,6,namecheap,,,20/09/2026 03:03
1359c689-a132-422b-abd7-70c38dbd84df,capsulate.properties,available,10.99,50.99,medium,low,9,name.com,,,11/08/2026 18:10
b0592236-ed30-4276-b628-da05a59488f3,withdrawing.properties,available,30.2,30.2,medium,low,11,cloudflare,,,29/09/2026 21:24
54761026-e7ca-4817-9d2f-73e22d3e8724,grandad.properties,available,6.1,32.21,high,low,7,dynadot,,,29/09/2026 21:10
94cb59c9-ed29-43ab-9cc7-775d3d640774,flyers.properties,available,18.99,39.99,medium,low,6,namesilo,,,29/09/2026 16:42
048566cf-0b05-4dfb-bb62-c3dd980d042d,sterilised.properties,available,15.98,43.98,medium,low,10,namecheap,,,10/09/2026 20:13
6f6aa5eb-2784-4c4c-bff7-b9b7df231118,southey.properties,available,14.17,31.25,medium,low,7,spaceship,,,01/10/2026 21:34
80fbc09e-17fc-45b4-aa5e-cf2f988748c1,hurricanes.properties,available,15.98,43.98,medium,low,10,namecheap,,,30/09/2026 15:08
c6214685-0680-4dd6-a93f-bea10c63f2b9,surefooted.properties,available,10.99,50.99,high,low,10,name.com,,,18/08/2026 10:50
db3c7263-dc5a-4262-8d4d-fc558a4f4111,andantino.properties,available,10.99,50.99,medium,low,9,name.com,,,
8ddacd1b-c136-4912-a02e-93021e988b57,accepted.properties,available,15.98,43.98,high,low,8,namecheap,,,21/09/2026 15:25
299d8cb7-3700-439a-9df9-3bdbdeda9c57,tillable.properties,available,10.99,50.99,high,low,8,name.com,,,06/08/2026 11:25
ca331e15-7970-4427-8028-c28cc347b44d,unimposing.properties,available,15.98,43.98,medium,low,10,namecheap,,,12/09/2026 13:12
e595c0f5-2017-467c-ab04-5753605cc2e6,preparations.properties,available,14.17,31.25,medium,low,12,spaceship,,,29/09/2026 05:22
ba405839-be13-4f8a-b221-c865fd01ecd0,skimmed.properties,available,15.98,43.98,high,low,7,namecheap,,,10/09/2026 09:34
7d744c70-b27c-44d7-8d20-73c3e0e25705,tunes.properties,available,18,,medium,low,5,unstoppable,,,28/09/2026 18:03
d87601b0-0369-437e-9ee1-376d5d532bfe,blown.properties,available,10.99,50.99,medium,low,5,name.com,,,10/08/2026 15:36
3197266f-4295-46a9-a782-53a1513bd9f4,bottles.properties,available,18.99,39.99,medium,low,7,namesilo,,,18/09/2026 04:05
0114b0a6-c123-4fcd-b33d-3e676fa8e485,barbell.properties,available,15.98,43.98,high,low,7,namecheap,,,22/09/2026 04:49
f41ca295-2f39-4584-933f-9891a7e28f85,hedonic.properties,available,10.99,50.99,medium,low,7,name.com,,,21/08/2026 05:52
2ad93717-37cb-4aaf-9626-31e377aea890,sylvania.properties,available,30.2,30.2,medium,low,8,cloudflare,,,30/09/2026 22:13
4cf3a5c8-638f-4085-85fb-e54b613cd3b0,enrico.properties,available,18.99,39.99,medium,low,6,namesilo,,,28/09/2026 13:31
17e934fe-4a0f-454a-8673-5039dce938d4,weekly.properties,available,10.99,50.99,high,low,6,name.com,,,21/08/2026 05:36
55d119cf-0373-4651-8044-d4a12067b8d5,consequences.properties,available,18.99,39.99,high,low,12,namesilo,,,27/09/2026 08:40
7c9f5195-8795-473e-a5af-88ce66f7d653,completion.properties,available,14.17,31.25,high,low,10,spaceship,,,28/09/2026 10:41
53a5376c-7e92-47ac-874e-95b4436cc4fd,gossamer.properties,available,10.99,50.99,medium,low,8,name.com,,,12/08/2026 14:32
d00a4f85-4949-43d7-95e8-89e125ebbebb,appro.properties,available,18.99,39.99,medium,low,5,namesilo,,,19/09/2026 22:20
3a3b9684-7bb7-44e0-9a96-66391293bb89,uncial.properties,available,15.98,43.98,medium,low,6,namecheap,,,12/09/2026 05:10
e86d7eaa-545d-4f25-beb7-e041015f2f30,markham.properties,available,30.2,30.2,high,low,7,cloudflare,,,27/09/2026 20:59
866b4c27-090f-4c61-aa1c-21784dcf4f86,obtuse.properties,available,18.99,39.99,medium,low,6,namesilo,,,24/09/2026 12:17
076c0b71-77b2-4922-8f8d-5c711eb7419c,uprising.properties,available,18,,medium,low,8,unstoppable,,,29/09/2026 01:22
d129b47f-a193-4587-9889-2f19424f88e8,antbird.properties,available,15.98,43.98,medium,low,7,namecheap,,,19/09/2026 12:17
ba5ce34f-ee50-436b-b6ec-317762fb9407,downplay.properties,available,18.99,39.99,high,low,8,namesilo,,,21/09/2026 15:36
7058b9da-7594-46b9-981f-91a032542f7b,dualistic.properties,available,10.99,50.99,medium,low,9,name.com,,,14/08/2026 20:40
f4a07082-f8e0-4310-a4c8-0809b74899c7,chelmsford.properties,premium,,,medium,low,10,,,,29/09/2026 15:25
9f8f1a80-a766-4961-a79b-af1f597d2c03,rectangular.properties,available,6.18,31.41,high,low,11,porkbun,,,30/09/2026 06:01
d047a965-dddd-4bbe-8481-a1cc9980f3e6,unlettered.properties,available,10.99,50.99,medium,low,10,name.com,,,21/08/2026 18:33
57d480a4-c82a-4219-a559-d68748c41f59,zheng.properties,available,30.2,30.2,medium,low,5,cloudflare,,,28/09/2026 11:37
b24f6290-978e-4840-9bde-acbadd44a27c,patrician.properties,available,10.99,50.99,medium,low,9,name.com,,,06/08/2026 19:34
9f094b62-7639-496f-a950-5c07a5e3a6c2,narayan.properties,available,30.2,30.2,medium,low,7,cloudflare,,,29/09/2026 15:24
1a2d9917-53e9-4091-9429-099552454835,connor.properties,available,15.98,43.98,high,low,6,namecheap,,,25/09/2026 15:29
c4852883-f43a-444a-a218-9b16bb71b44f,fulgurous.properties,available,10.99,50.99,medium,low,9,name.com,,,13/08/2026 19:01
50eed52c-d862-4cdb-ae4a-bfb933d9f121,harsh.properties,available,10.99,50.99,medium,low,5,name.com,,,12/08/2026 13:58
28d004c6-99d1-4dc7-9dd6-4ef230b96a92,facile.properties,available,10.99,50.99,medium,low,6,name.com,,,16/08/2026 06:16
dea8b841-4718-48e0-b17a-c27cd3a6cda2,prosy.properties,available,15.98,43.98,medium,low,5,namecheap,,,08/09/2026 12:32
4d05ea67-3bd8-4623-aff0-d1165c228e01,chappell.properties,available,30.2,30.2,medium,low,8,cloudflare,,,28/09/2026 21:34
2e250560-32a6-4779-84ef-f38e4e81403a,airing.properties,available,15.98,43.98,high,low,6,namecheap,,,17/09/2026 23:12
ebb61357-b8a3-491d-9038-b91da9d8127b,kazakh.properties,premium,102.67,102.67,high,low,6,spaceship,,,28/09/2026 14:39
1deb1de7-25ac-4c00-b0b5-05440c1fab9e,spicebush.properties,available,18.99,39.99,medium,low,9,namesilo,,,18/09/2026 20:40
aeec2913-73b0-4419-ac0f-743c72765b69,antebellum.properties,available,10.99,50.99,medium,low,10,name.com,,,
6ff94dee-4dc3-4b71-bdf3-3b8402dee7d7,anyways.properties,available,15.98,43.98,medium,low,7,namecheap,,,13/09/2026 20:13
c8ee534b-b1dd-4a18-9a43-7103d5529a12,inflation.properties,available,18.99,39.99,high,low,9,namesilo,,,29/09/2026 07:21
3aa12256-5d85-40e4-b362-0e823e48fbcf,subfusc.properties,available,10.99,50.99,medium,low,7,name.com,,,10/09/2026 23:47
abe2d4c2-ac70-41af-a280-c70eb6367c16,squally.properties,available,15.98,43.98,low,low,7,namecheap,,,10/09/2026 17:18
236dd941-6886-4620-a6cb-7f9e71eb2a12,unafraid.properties,available,15.98,43.98,high,low,8,namecheap,,,10/09/2026 01:28
a5ed7c99-cd68-4b84-a078-e5a1e92663b3,citizens.properties,available,15.98,43.98,high,low,8,namecheap,,,18/09/2026 15:13
ec808b56-0915-498e-9287-3aabe6c60d23,externally.properties,available,15.98,43.98,medium,low,10,namecheap,,,14/09/2026 17:11
cf2191b1-4658-4cfb-8e6d-173740b85073,nurse.properties,available,30.2,30.2,high,low,5,cloudflare,,,29/09/2026 22:12
256479bb-c653-4e56-823b-d1e0e2f78d47,sherlock.properties,available,18.99,39.99,high,low,8,namesilo,,,28/09/2026 15:08
33632721-8281-42f2-b797-52dbc621259c,ias.properties,premium,72.6,72.6,high,low,3,dynadot,,,29/09/2026 21:40
dc6931ee-9ddf-456b-849d-9cf858feb806,woops.properties,available,18.99,39.99,medium,low,5,namesilo,,,02/10/2026 00:51
0ec85844-3938-4103-8cdb-057cbca77ec3,profoundly.properties,available,15.98,43.98,high,low,10,namecheap,,,14/09/2026 11:16
4f707536-6fd3-443f-85f2-0ec524b6a559,caffeine.properties,available,18.99,39.99,high,low,8,namesilo,,,24/09/2026 11:38
e4c2486b-ebb1-4077-920d-12c4fbc7d9dc,dominant.properties,available,10.99,50.99,high,low,8,name.com,,,14/08/2026 15:41
a52159ed-adde-42b2-b1df-7ce63c4a3aa9,troglodyte.properties,available,15.98,43.98,medium,low,10,namecheap,,,09/09/2026 11:43
adba64f4-be74-4fbd-ae88-b7bda017c03a,tells.properties,available,18.99,39.99,medium,low,5,namesilo,,,18/09/2026 14:10
a7c4793a-1a8e-405a-b10e-600d004e0db1,perjury.properties,available,15.98,43.98,medium,low,7,namecheap,,,22/09/2026 21:18
15727bae-5634-4ac9-ac44-32b534b8bfa8,exceeds.properties,available,18.99,39.99,medium,low,7,namesilo,,,01/10/2026 00:44
b57aa579-5374-48dc-9a2f-1dc4b75a4ce0,draconian.properties,available,10.99,50.99,medium,low,9,name.com,,,14/08/2026 18:10
074d25cb-943c-4e5c-95a0-3a40cd1b3536,stream.properties,resell,,,high,medium,6,,,,27/09/2026 05:33
9240d2dd-c631-40ce-a4c1-e2abec012f9d,gaines.properties,available,18.99,39.99,high,low,6,namesilo,,,28/09/2026 04:15
4e1eca9b-e87f-4ad3-9da4-4d1f12dd8ad6,maverick.properties,available,10.99,50.99,high,low,8,name.com,,,24/08/2026 17:42
4de25d61-040e-44be-951c-18886cdfb9d2,shorted.properties,available,18.99,39.99,high,low,7,namesilo,,,20/09/2026 16:13
bc1b28b8-222f-40be-a6bd-6ce328c5ea23,spoiled.properties,available,15.98,43.98,medium,low,7,namecheap,,,10/09/2026 16:20
d55f0dda-d465-407f-b178-b1a04adc2746,huggins.properties,available,30.2,30.2,medium,low,7,cloudflare,,,30/09/2026 10:10
dcf80cd5-5e35-4eee-a771-48f2af070674,chicken.properties,available,10.99,50.99,high,low,7,name.com,,,23/09/2026 14:11
fc3cd1be-f0b2-462e-8e7e-1ad1fc53e8e7,dirichlet.properties,available,18.99,39.99,medium,low,9,namesilo,,,01/10/2026 23:42
fde7325c-14cb-4ef9-bff7-2b8bec7332d7,perfectly.properties,available,6.18,31.41,high,low,9,porkbun,,,28/09/2026 11:37
65e838b7-e879-4a16-b0cf-09dd1c4e98d9,underlying.properties,available,10.99,50.99,high,low,10,name.com,,,21/08/2026 22:41
390ce648-6910-4615-bf45-5e0103cb1792,trickily.properties,available,15.98,43.98,low,low,8,namecheap,,,14/09/2026 09:11
344d20ce-26ce-4b6b-8712-005c1f490912,westbrook.properties,available,18,,medium,low,9,unstoppable,,,29/09/2026 04:08
e8eeab14-6d41-49cd-9ca9-8501507b250b,vestal.properties,available,15.98,43.98,medium,low,6,namecheap,,,13/09/2026 04:47
2490c146-8ec6-43c2-be0e-22e3e5052a68,practitioners.properties,available,15.98,43.98,medium,low,13,namecheap,,,20/09/2026 23:01
375afdbf-8d9e-4515-9f73-7ac3641e75b1,authenticity.properties,available,18.99,39.99,high,low,12,namesilo,,,29/09/2026 23:07
ab062136-aa5b-470b-b8ed-f60e234a18df,christ.properties,available,15.98,43.98,high,low,6,namecheap,,,29/09/2026 09:03
a1aeb9c0-3b3f-4fa1-b11f-92a82daba3aa,planes.properties,available,18.99,39.99,high,low,6,namesilo,,,17/09/2026 03:50
fe518ce3-89c6-41b8-9109-03acb7dd0f75,joachim.properties,available,18.99,39.99,high,low,7,namesilo,,,27/09/2026 04:35
a78e9e89-f6d2-44d0-a12d-0af0baf7f405,selenium.properties,available,18.99,39.99,medium,low,8,namesilo,,,20/09/2026 22:53
0d5a7cea-3f88-4484-b404-b23ec068f463,modern.properties,premium,42.9,42.9,high,low,6,namecheap,,,24/09/2026 21:28
cb2056b7-4915-4cde-898e-b7e2a05c3be5,electricians.properties,available,15.98,43.98,medium,low,12,namecheap,,,20/09/2026 20:08
ab0bdd7e-ff6f-4df1-afd0-f38f37877c11,childlike.properties,available,10.99,50.99,high,low,9,name.com,,,12/08/2026 05:12
45b69b67-8766-4992-8ded-3940bfb21a03,toughened.properties,available,15.98,43.98,medium,low,9,namecheap,,,11/09/2026 10:54
9341d465-8633-42f2-81dd-33f0bd429d68,octavian.properties,available,18.99,39.99,medium,low,8,namesilo,,,21/09/2026 04:03
9ee3c67f-023b-4a60-8b3b-a0f5b858ccdf,analyzable.properties,available,10.99,50.99,medium,low,10,name.com,,,
f97c7518-7fb0-484e-a7d5-42d3f37c8e17,bellwether.properties,available,18.99,39.99,high,low,10,namesilo,,,23/09/2026 06:30
ec7dcce5-2bfe-4b78-afda-127992be24d8,zoologist.properties,available,18.99,39.99,medium,low,9,namesilo,,,19/09/2026 08:43
80accb22-a8d7-47bd-ac12-e2292ad54e49,himalaya.properties,available,18.99,39.99,high,low,8,namesilo,,,01/10/2026 02:35
acab8dbc-d352-4c2f-b674-2e4495dd7935,jerome.properties,available,18.99,39.99,medium,low,6,namesilo,,,25/09/2026 05:46
db971bbe-b173-400b-b06b-f39b4b2864ae,discrete.properties,available,10.99,50.99,high,low,8,name.com,,,14/08/2026 10:02
e88e7adc-0740-4c67-ae04-8f19e33348e1,emanuel.properties,available,18.99,39.99,high,low,7,namesilo,,,25/09/2026 14:33
64fa49ea-314f-4fca-a6c3-49c968d617f4,levodopa.properties,available,15.98,43.98,high,low,8,namecheap,,,23/09/2026 07:46
ed34503c-a83e-4c9a-98ec-23b717df2670,northfield.properties,available,18.99,39.99,high,low,10,namesilo,,,29/09/2026 10:07
5d466a5b-5840-49b8-89d0-a31486d7b80d,crochet.properties,available,18.99,39.99,high,low,7,namesilo,,,24/09/2026 19:40
0ddfbaa1-4b69-4b05-b8b2-db9a2d6ec256,vegetable.properties,available,18.99,39.99,high,low,9,namesilo,,,30/09/2026 14:21
2c07eeda-173c-4841-b9d0-6d4290826707,illness.properties,available,18.99,39.99,high,low,7,namesilo,,,29/09/2026 23:34
57e24c08-2e13-4d8b-a8ca-1554254fd746,clogged.properties,available,10.99,50.99,medium,low,7,name.com,,,12/08/2026 06:41
feab2838-76da-4d75-994f-0ff0c8688473,prevented.properties,available,18.99,39.99,medium,low,9,namesilo,,,29/09/2026 10:45
aece7b9c-3a6b-42c8-8879-9e1d9514f145,ourselves.properties,available,15.98,43.98,medium,low,9,namecheap,,,27/09/2026 08:55
1c967e98-72ed-484d-b834-ec867d8f1531,alston.properties,available,18.99,39.99,medium,low,6,namesilo,,,29/09/2026 15:32
83ec5ea4-d09f-4410-801c-5db724ba73d2,luisa.properties,available,18.99,39.99,medium,low,5,namesilo,,,29/09/2026 05:31
8b6ce1f5-4986-4b98-9aaf-297aa0740166,rugby.properties,premium,,,high,high,5,,,,30/09/2026 02:45
3ed57132-ba7b-4f40-ad64-a2560bf2d93b,medially.properties,available,15.98,43.98,medium,low,8,namecheap,,,15/09/2026 13:54
0c6880ba-6646-4e51-b8af-99e08c2811d7,boiled.properties,available,10.99,50.99,high,low,6,name.com,,,10/08/2026 17:32
243b68bb-5f90-4f15-8621-67c5da941ec0,stronghold.properties,available,15.98,43.98,high,low,10,namecheap,,,29/09/2026 14:00
c33d34a1-3d18-483c-9b38-0b5f74d6e99c,illogical.properties,available,10.99,50.99,medium,low,9,name.com,,,14/08/2026 11:22
cf13f548-cfa8-44cc-b383-7b8e39205310,eyebrow.properties,available,14.17,31.25,medium,low,7,spaceship,,,01/10/2026 01:59
c6757db5-6f71-4b2b-ad60-b138c11bd3d8,baudelaire.properties,available,18.99,39.99,high,low,10,namesilo,,,22/09/2026 16:35
55681362-01f5-4434-ac04-36e70c35f407,tho.properties,premium,38.94,38.94,medium,low,3,namesilo,,,30/09/2026 13:15
74b735f3-a554-40f9-8dcd-312e45403e8f,barreled.properties,available,10.99,50.99,medium,low,8,name.com,,,08/08/2026 20:46
54ba1332-27ac-4681-b7cf-0213f12fafbc,assent.properties,available,15.98,43.98,high,low,6,namecheap,,,20/09/2026 16:09
5308482e-cf5b-483e-8327-ad220011e003,belch.properties,available,15.98,43.98,medium,low,5,namecheap,,,23/09/2026 04:34
53f11262-c88a-4aec-90be-dd59de75943c,selfish.properties,available,30.2,30.2,medium,low,7,cloudflare,,,27/09/2026 19:59
156fa972-ca72-4d4f-a614-b333d654eaf5,adorables.properties,available,18.99,39.99,high,low,9,namesilo,,,02/10/2026 03:03
7a393625-9362-48f6-b0ab-b3e323688eb8,arrest.properties,available,10.99,50.99,high,low,6,name.com,,,20/08/2026 22:54
af18c1c8-f632-4bd1-825e-e91054ceb119,ipcc.properties,available,18,,high,low,4,unstoppable,,,01/10/2026 10:49
c345ce41-9563-4c4d-b33a-4b73aa9f17da,rizal.properties,available,18.99,39.99,medium,low,5,namesilo,,,30/09/2026 14:01
abd3b61f-4e42-4c3f-baa8-ed1020d8d2ee,ucl.properties,available,18.99,39.99,high,low,3,namesilo,,,01/10/2026 23:27
7364f551-11e2-4d39-a8b2-1e5c68ee8d73,footballer.properties,available,14.17,31.25,high,low,10,spaceship,,,29/09/2026 19:49
36de18a6-6aa1-41d7-aeff-eefd78b506c5,plural.properties,available,15.98,43.98,high,low,6,namecheap,,,08/09/2026 22:02
ad1cbbb7-4116-4103-bf9d-f636ad85116b,bites.properties,available,30.2,30.2,medium,low,5,cloudflare,,,28/09/2026 13:24
3bf742b2-462e-4279-af88-86d1ed16db76,sued.properties,available,10.99,,low,low,4,name.com,,,
b2cba166-440b-49bc-b0c0-2728ae90ca87,marino.properties,available,18.99,39.99,high,low,6,namesilo,,,27/09/2026 04:14
c4152d83-ba1c-4828-a902-290b683f444f,primates.properties,available,18.99,39.99,high,low,8,namesilo,,,30/09/2026 02:24
7df92930-5bf6-4b11-88fb-a17639945d46,scientist.properties,available,30.2,30.2,high,low,9,cloudflare,,,01/10/2026 20:34
641b32ea-93a8-47b6-94c6-31cfc194341c,arco.properties,available,10.99,50.99,medium,low,4,name.com,,,06/08/2026 16:02
f7947c8d-10b1-4c52-a9b0-125fd6e4fd24,fined.properties,available,14.17,31.25,medium,low,5,spaceship,,,30/09/2026 15:19
ebdefe0b-f62e-4e5d-a2d0-e206c3dc4dc1,sophisticated.properties,available,18,,high,low,13,unstoppable,,,01/10/2026 19:52
7309e945-1eb2-4f3c-ab7e-7b0369a8ae2f,foil.properties,available,15.98,43.98,high,low,4,namecheap,,,09/09/2026 08:18
fcc52acc-fd83-4330-b51b-11cdf077b250,aalii.properties,available,18.99,39.99,medium,low,5,namesilo,,,16/09/2026 13:12
c86072a0-7476-4eb4-a503-c4c36d56721b,kenny.properties,available,18.99,39.99,medium,low,5,namesilo,,,26/09/2026 03:38
fd1b5e18-9131-4bd3-8319-8336ff430464,crowing.properties,available,10.99,50.99,medium,low,7,name.com,,,10/08/2026 16:37
428bbb51-d224-4dcc-9b4c-6573a37664e1,sibylline.properties,available,10.99,50.99,medium,low,9,name.com,,,11/08/2026 12:20
11e268ec-381b-4b83-aace-d8fdfd1dd251,stain.properties,available,18.99,39.99,high,low,5,namesilo,,,25/09/2026 16:55
94a5ae34-cf7f-46b0-9789-6ab042997735,desirable.properties,premium,242,242,high,low,9,namesilo,,,14/08/2026 03:47
c7422a46-0711-4086-b1d9-6c7b8d7dcb0e,aralia.properties,available,18.99,39.99,medium,low,6,namesilo,,,19/09/2026 23:52
b8aee16e-e65c-416f-ad2a-f25310cde609,chapped.properties,available,10.99,50.99,medium,low,7,name.com,,,12/08/2026 02:20
22e64d62-aeef-4512-8525-c4640a4d90c0,huge.properties,available,18.99,39.99,high,low,4,namesilo,,,25/09/2026 06:09
ddd74dcd-78f1-48cd-9ccb-8e0171bf0cf4,bournemouth.properties,premium,,,medium,low,11,,,,29/09/2026 21:53
6539c6c4-503c-4657-8831-4bc0b0a55a4c,cramped.properties,available,10.99,50.99,medium,low,7,name.com,,,13/08/2026 04:47
a70e1b5d-ec27-470a-838e-3c51a9c03807,tailor.properties,available,18,,high,low,6,unstoppable,,,28/09/2026 10:52
b13cc640-8f0a-49d5-b154-c80794c2ffe5,wry.properties,premium,38.94,38.94,high,low,3,namesilo,,,22/08/2026 10:08
c1cd2a83-0ed6-4a2c-ba31-21b7184e2be9,cellular.properties,available,10.99,50.99,high,low,8,name.com,,,11/08/2026 23:32
74dc27c5-1f21-4dca-bbf1-13acd3bc3bad,johanna.properties,available,6.1,32.21,high,low,7,dynadot,,,28/09/2026 03:57
a9fdd35e-f8ec-4343-b178-e22ff0d3458f,townsite.properties,available,30.2,30.2,high,low,8,cloudflare,,,30/09/2026 12:32
2cddd779-00f2-42cf-9a6e-8d76936701ea,slow.properties,available,18.99,39.99,high,low,4,namesilo,,,23/09/2026 00:28